Attributes,Close,Close,High,High,Low,Low,Open,Open,Volume,Volume
Symbols,700.HK,175.HK,700.HK,175.HK,700.HK,175.HK,700.HK,175.HK,700.HK,175.HK
Date,,,,,,,,,,
2019/1/2,302.657,12.0644,310.948,12.7341,302.258,11.9895,310.948,12.6581,15926119.76,45654139.47
2019/1/3,301.084,11.0792,305.414,11.7301,298.904,10.7814,300.099,11.7104,16633960.23,110331690.6
2019/1/4,306.608,11.0407,307.006,11.1532,296.545,10.5397,296.545,10.6512,19580881.06,70902059.89
2019/1/7,313.516,10.7074,314.7,11.4697,309.564,10.6512,313.914,11.3958,25215251.11,74214378.07
2019/1/8,311.545,9.49928,314.501,10.0575,307.991,9.37008,313.914,9.88883,16476833.71,204152864
2019/1/9,323.379,10.2981,323.379,10.5032,315.297,9.98154,315.695,10.2241,32293915.05,252747767.8
2019/1/10,324.773,10.2241,325.559,10.7814,319.049,10.094,324.773,10.3169,25232520.95,111998637.3
2019/1/11,326.932,10.3169,330.297,10.3908,324.972,10.0013,326.554,10.3908,20407673.36,61653907.72
2019/1/14,317.666,10.0013,325.36,10.3908,316.073,9.90757,325.36,10.3533,19224483.73,55565783.24
2019/1/15,325.758,10.4658,326.554,10.4835,319.049,10.019,320.821,10.019,17174637.19,60629868.95
2019/1/16,326.743,10.7074,326.743,10.7261,321.02,10.1502,325.758,10.3533,16605765.25,75840809.53
2019/1/17,326.932,10.7814,333.661,11.023,326.355,10.6887,330.685,10.8938,23449668.24,99417986.89
2019/1/18,332.665,11.3958,333.462,11.4885,329.51,10.9303,330.685,11.0052,15860783.92,83900143.34
2019/1/21,335.631,11.8415,339.971,11.9343,331.879,11.451,333.661,11.5062,19311343.33,103661375.8
2019/1/22,331.481,11.525,337.602,11.8968,326.554,11.1167,337.602,11.8603,21313283.61,75351344.94
2019/1/23,328.913,11.3761,331.282,11.5812,326.355,11.2656,326.355,11.525,16624789.3,48488435.74
2019/1/24,325.957,11.8415,328.714,11.8603,322.603,11.2459,327.928,11.4323,17336413.49,56708954.6
2019/1/25,339.374,12.4362,339.374,12.4362,329.112,11.6926,330.685,11.8603,31945795.46,111976482
2019/1/28,337.214,12.2696,344.52,12.8268,336.02,12.1009,339.971,12.8268,22531230.95,74987267.11
2019/1/29,337.99,11.7676,338.389,12.0457,332.466,11.4697,334.835,12.027,16004595.11,114341702.6
2019/1/30,339.772,11.7676,339.772,11.8603,334.636,11.4697,337.602,11.6749,13258978.61,62951899.43
2019/1/31,341.544,12.3248,346.48,12.3988,340.767,11.8228,345.296,11.9343,24503542.53,72374604.86
2019/2/1,343.524,12.2696,347.476,12.3988,340.966,11.9895,347.476,12.379,14154766.88,41177888.85
2019/2/4,343.126,12.3248,344.52,12.4362,340.369,12.1394,344.52,12.2696,5931748.106,14830151.48
2019/2/8,341.156,12.1571,342.927,12.1759,333.661,11.8228,338.787,12.0082,15097645.59,35496080.22
2019/2/11,347.476,12.7706,348.272,12.956,339.374,12.0082,341.544,12.0822,17576843.97,70506371.49
2019/2/12,346.879,13.3288,348.461,13.5881,343.723,12.9195,346.291,13.0122,15200584.46,151129644.1
2019/2/13,343.325,13.9422,345.893,13.9797,340.966,13.2726,344.709,13.4777,23178111.06,103858902.6
2019/2/14,337.413,13.7371,341.355,13.9797,336.219,13.4402,341.156,13.9797,19525860.51,64998913.32
2019/2/15,329.51,13.0122,335.631,13.4777,326.932,12.9382,333.661,13.4777,18797173.45,79873412.9
2019/2/18,335.432,13.4027,337.015,13.5142,330.685,12.9935,330.685,13.2163,12197041.57,59792529.81
2019/2/19,332.466,13.4027,339.374,13.5704,332.466,13.2538,337.413,13.458,9430872.859,48234674.02
2019/2/20,336.617,13.8672,339.772,13.9225,330.486,13.4215,335.631,13.5704,17325257.26,83180668.31
2019/2/21,338.787,14.2016,339.374,14.4067,334.437,13.7183,334.636,13.9422,11956398.1,84762586.4
2019/2/22,339.573,14.3505,339.573,14.4067,333.85,13.813,334.049,14.1276,13925037.49,52941151.05
2019/2/25,339.374,14.7598,344.321,15.0754,337.214,14.5921,343.524,14.7598,17401950.27,107616261.2
2019/2/26,338.588,14.314,340.767,14.8712,335.432,14.1463,340.568,14.8712,14008115.39,55729678.64
2019/2/27,335.821,13.9797,340.369,14.4817,334.636,13.8672,338.588,14.2391,15990279.1,59945197.5
2019/2/28,331.481,13.7006,338.189,14.1276,330.297,13.5881,337.602,14.0349,18967940.83,64202363.23
2019/3/1,331.879,14.3318,336.617,14.388,329.112,13.6809,333.064,13.8298,17228485.26,66773375.57
2019/3/4,342.34,14.0901,344.122,14.6296,330.685,13.9057,332.665,14.3505,28961492.64,100857911.4
2019/3/5,356.752,14.314,357.339,14.4442,339.374,13.8672,341.355,14.0349,37100552.4,60153028.31
2019/3/6,357.339,14.7036,365.242,14.9827,354.582,14.2016,360.505,14.314,30263075.48,94041873.59
2019/3/7,350.631,13.5704,357.14,14.314,348.66,13.4954,357.14,14.1651,17495714.19,207994633.8
2019/3/8,342.539,13.1236,347.078,13.4777,338.787,12.9195,343.524,13.1236,26203691.1,102412925.7
2019/3/11,350.233,12.9382,352.014,13.0487,342.927,12.7706,345.495,12.808,18632217.27,75154028
2019/3/12,356.354,13.0862,358.335,13.4402,353.786,12.8633,358.335,13.1424,16596108.04,82850418.63
2019/3/13,353.786,12.956,355.966,13.1059,351.427,12.7706,353.786,13.0684,12277630.82,36621464.48
2019/3/14,353,12.7144,355.966,13.1059,351.626,12.455,353.786,13.1059,12210436.27,56314306.54
2019/3/15,354.383,12.8455,358.932,13.0487,352.602,12.6039,353.985,12.7341,16283260.57,67598594.7
2019/3/18,364.058,13.2726,364.058,13.3653,356.155,12.8455,356.553,12.9757,19736609.04,61351564.58
2019/3/19,365.242,13.4215,365.242,13.4954,361.49,13.2163,362.684,13.31,15595683.96,51640677.13
2019/3/20,365.242,13.1059,366.427,13.4402,362.286,12.9195,364.645,13.4402,16373153.37,46878880.83
2019/3/21,358.335,13.4027,365.839,13.7558,357.14,12.8455,363.271,13.1059,21452841.9,106552998
2019/3/22,360.305,14.1651,364.844,14.2765,353,13.6631,358.335,13.7006,25750399.19,140946386.6
2019/3/25,349.247,13.6809,351.626,13.886,347.277,13.5329,348.272,13.5704,21122172,64763683.97
2019/3/26,346.879,13.7933,351.427,13.9797,342.539,13.6444,349.048,13.8485,16438707.23,37184547.5
2019/3/27,350.034,13.813,353.398,13.8485,345.495,13.2913,345.495,13.7558,13765910.6,44338424.54
2019/3/28,349.447,13.7558,349.845,13.9057,346.291,13.6079,348.461,13.8298,11117474.01,37030368.99
2019/3/29,356.354,13.9422,357.14,13.9797,349.447,13.4027,351.427,13.9057,17832971.93,56314711.11
2019/4/1,360.305,14.4619,363.271,14.6848,360.106,14.0527,363.072,14.1276,14991528.85,96655508.24
2019/4/2,361.291,14.7036,365.242,14.7785,360.694,14.4442,365.242,14.6483,13569571.52,76491847.52
2019/4/3,373.145,15.2055,374.519,15.244,364.247,14.6483,367.213,14.8712,28023988.09,117369741.6
2019/4/4,371.164,15.5774,374.718,15.6888,368.198,15.0014,371.164,15.3732,13882724.42,131345662.2
2019/4/8,375.305,15.9492,376.698,15.9679,371.553,15.5961,375.106,15.819,16468377.12,124636072.2
2019/4/9,378.659,16.0981,378.858,16.7293,370.965,16.0241,370.965,16.7115,14770044.05,150421258.9
2019/4/10,383.805,16.4511,384.392,16.6188,374.907,15.5409,378.072,15.9679,15755200.67,117510622.9
2019/4/11,386.363,16.3772,395.251,16.6366,385.965,16.1533,390.911,16.4886,34039270.23,132970053.5
2019/4/12,388.742,15.7085,388.742,16.5438,382.411,15.3367,384.989,16.5074,12957808.8,192294062.3
2019/4/15,383.208,15.745,393.27,16.0803,383.208,15.6888,390.513,15.9492,14183472.25,93555158.89
2019/4/16,388.543,15.5034,388.931,15.745,380.053,15.1513,384.989,15.745,13193976.32,93548349.05
2019/4/17,390.513,17.4916,392.673,17.5853,387.557,15.3367,388.543,15.5034,12952379.38,268384205.6
2019/4/18,386.562,16.8417,390.513,17.7894,383.606,16.4324,387.955,17.7894,13313424.47,132722366.5
2019/4/23,387.955,16.5823,390.513,16.822,384.004,16.3032,386.761,16.6366,13482737.04,83620850.82
2019/4/24,387.955,15.6888,392.673,16.7115,384.989,15.6158,392.673,16.7115,15417933.89,122919357.7
2019/4/25,377.873,14.9264,386.761,15.7085,377.684,14.889,384.989,15.4294,15746390.43,135933313.8
2019/4/26,379.057,14.9087,380.839,15.2243,375.106,14.7785,375.106,15.0192,13054342.68,71636106.71
2019/4/29,385.567,14.889,386.761,15.0576,379.057,14.6296,379.057,14.9087,13626289.02,48227406.88
2019/4/30,383.009,14.6296,385.378,14.8712,379.455,14.4442,381.038,14.8337,9782979.104,42600278.72
2019/5/2,386.363,14.4245,386.363,14.5921,379.057,14.2203,384.989,14.4994,9163535.426,63547439.7
2019/5/3,382.81,14.5921,384.591,14.6483,379.654,14.2016,382.212,14.4067,9787674.082,48192496.84
2019/5/6,370.766,13.5507,372.548,13.9225,365.441,13.2913,368.198,13.8485,23022925.62,178855839
2019/5/7,375.902,13.6079,376.3,13.8672,369.194,13.2913,371.353,13.6631,17512271.7,70853254.37
2019/5/8,379.854,13.3465,389.916,13.5142,371.553,13.1236,374.13,13.2538,34669069.38,60607652.82
2019/5/9,370.766,12.5477,382.611,12.9935,370.766,12.4727,379.854,12.9935,20058507.88,135250478.7
2019/5/10,377.096,12.808,382.81,13.1236,370.179,12.455,372.548,12.808,26261365.08,101732746.2
2019/5/14,365.839,12.6414,372.15,12.8455,364.247,12.2124,364.247,12.3623,26838302.78,61710505.61
2019/5/15,369.194,12.7893,373.533,12.9757,368.397,12.6779,368.995,12.7144,16557710.3,43431917.3
2019/5/16,360.893,12.4915,371.164,12.9007,360.893,12.4727,362.286,12.7518,23299514.36,60413399.1
2019/5/17,352.194,12.1394,363.869,12.7341,351.397,12.0822,363.471,12.6414,23172267.7,72166122.07
2019/5/20,338.528,11.7301,349.019,12.1571,338.528,11.5812,346.052,12.1571,27146962.65,89359179.27
2019/5/21,337.732,11.7104,344.669,12.0644,333.382,11.4323,335.363,11.5437,22959410.3,59389633.09
2019/5/22,335.562,11.8228,339.125,11.9895,333.78,11.7301,336.149,11.8968,19414968.41,30424751.7
2019/5/23,322.692,11.3198,333.183,11.7676,319.915,11.1729,331.6,11.7479,37356169.97,61901264.18
2019/5/24,321.498,11.5812,329.421,12.0822,321.309,11.2094,324.474,11.451,21623842.37,92254833.02
2019/5/27,320.513,11.5624,325.26,11.7479,313.585,11.3031,318.134,11.6177,20000223.04,34008339.86
2019/5/28,322.294,12.1009,329.023,12.4362,320.314,11.5812,320.712,11.6177,29257396.8,117033580.4
2019/5/29,318.731,12.0457,324.275,12.2863,317.935,11.8228,317.935,11.8968,20176458.02,56203755.19
2019/5/30,321.11,11.9155,322.692,12.1759,318.333,11.7676,322.095,12.0082,13126018.2,56211975.47
2019/5/31,322.692,11.953,328.236,12.1571,320.513,11.6926,320.712,11.7104,19174976.99,43618320.85
2019/6/3,330.217,11.878,330.217,11.9895,323.877,11.6374,326.455,11.8603,20630429.1,42273133.81
2019/6/4,323.877,11.6177,330.217,11.9895,322.891,11.5062,329.62,11.8968,19866825.6,43982107.67
2019/6/5,327.639,11.6749,332.387,12.1009,324.474,11.6177,331.8,11.878,18455593.48,46632065.84
2019/6/6,327.042,11.9343,329.421,12.0457,322.692,11.6749,328.624,11.7676,12519882.82,53089713.17
2019/6/10,339.513,12.0082,340.309,12.379,330.804,11.9343,331.6,12.0822,24133459.14,72275470.84
2019/6/11,341.106,12.1571,341.494,12.2124,337.732,11.8041,340.11,11.8968,18048809.28,58905477.65
2019/6/12,333.979,11.8041,338.727,12.1394,331.8,11.6374,338.329,12.1009,17718388.55,64898507.78
2019/6/13,330.804,11.6926,332.586,11.9155,323.877,11.451,331.999,11.9155,20528532.11,55448302.41
2019/6/14,326.654,11.6256,333.382,11.8356,325.857,11.5486,331.202,11.8169,14210321.94,47336200.48
2019/6/17,325.658,11.7784,331.999,12.1986,325.26,11.7015,328.435,11.8169,10701639.44,43379442.22
2019/6/18,330.605,11.8928,332.984,11.9313,326.654,11.6256,329.62,11.7597,12092862.9,41316832.43
2019/6/19,343.674,12.1611,344.271,12.4856,338.528,12.1029,340.509,12.4284,23800613.05,56982760.52
2019/6/20,350.402,12.7538,350.402,12.8869,344.47,12.1798,345.455,12.238,19423363.71,93855597.8
2019/6/21,350.8,12.524,353.766,12.8495,345.455,12.4481,353.766,12.7923,20317314.38,65032383.52
2019/6/24,352.194,12.5812,353.766,12.8307,348.819,12.4481,350.999,12.4481,10757291.96,40207479.07
2019/6/25,345.853,12.5812,351.198,12.7153,344.47,12.2942,350.402,12.6769,11586198.15,36242233.86
2019/6/26,345.455,12.524,347.038,12.5437,339.513,12.238,339.513,12.524,10769780.42,27454850.87
2019/6/27,349.218,12.8307,350.999,12.9067,346.839,12.5625,346.839,12.5812,11405342.55,41170033.61
2019/6/28,349.019,12.7725,349.417,12.8869,345.057,12.6572,349.417,12.8682,12905010.65,52716188.17
2019/7/2,358.723,13.0783,364.068,13.385,356.543,13.0023,364.068,13.0221,22741775.53,95196793.85
2019/7/3,356.742,13.2124,357.13,13.3278,353.567,12.8682,356.145,13.0783,10468916.04,46638476.17
2019/7/4,356.344,12.9451,360.505,13.385,355.558,12.8495,357.329,13.2124,6883518.438,61772225.08
2019/7/5,356.145,12.1226,357.329,12.811,353.965,12.0072,356.344,12.7923,5179502.771,150306068.6
2019/7/8,347.436,11.6256,352.194,11.9885,347.436,11.5684,351.397,11.951,10126783.49,91434203.12
2019/7/9,347.237,11.1857,347.834,11.4342,343.475,10.7459,346.839,10.9372,9757273.775,187573380.6
2019/7/10,353.179,11.4727,353.766,11.5486,348.431,10.9372,348.431,11.377,12997590.02,94468915.02
2019/7/11,353.567,11.3011,357.13,11.5881,352.383,11.1857,352.98,11.3011,8998673.692,63377073.13
2019/7/12,351.397,11.09,356.344,11.3386,351.198,10.9944,356.344,11.2814,8371977.062,54737633.73
2019/7/15,357.13,11.1857,357.13,11.2429,346.252,10.8603,352.383,11.0713,11930591.29,41234734.16
2019/7/16,358.922,11.3386,360.893,11.4145,357.329,11.1472,360.893,11.3583,10525557.19,44036543.77
2019/7/17,359.519,11.6838,360.694,11.8554,354.961,11.2232,355.956,11.2626,9750772.341,66259338.38
2019/7/18,352.98,11.5881,357.529,11.6443,352.98,11.4727,356.344,11.5299,10596996.6,18564730.21
2019/7/19,358.126,11.664,359.32,11.7972,354.164,11.5299,354.363,11.7212,8137341.711,19374019.84
2019/7/22,353.965,11.5881,357.728,11.664,352.194,11.453,355.359,11.5684,8763193.385,31392651.91
2019/7/23,354.961,11.5486,356.742,11.6058,352.383,11.4145,353.766,11.5684,8852632.056,26925757.21
2019/7/24,361.888,11.9313,366.247,12.1423,357.529,11.5299,359.32,11.5299,17933807.95,59283290.74
2019/7/25,368.616,12.0467,369.413,12.1029,365.053,11.8928,367.233,12.027,14080715.24,38901051.11
2019/7/26,366.447,11.9126,372.18,12.027,365.65,11.7784,366.845,11.8356,11771966.75,31602220.67
2019/7/29,368.417,11.8356,369.413,11.9885,364.068,11.7015,364.068,11.9313,11395715.48,24954907.84
2019/7/30,369.413,11.8356,373.971,11.8928,367.432,11.7015,368.218,11.8554,10649088.45,15430432.06
2019/7/31,364.456,11.6058,368.616,11.7015,363.271,11.4342,365.252,11.5684,10603179.54,25800336.45
2019/8/1,366.247,11.3968,370.01,11.5486,364.257,11.2814,368.616,11.3583,12505226.21,45635915.35
2019/8/2,352.194,10.8987,358.325,11.1285,351.596,10.88,357.329,10.9944,25537244.4,54181123.28
2019/8/5,337.144,10.6127,347.436,10.7843,337.144,10.5545,346.441,10.6127,30875466.15,44522448.3
2019/8/6,333.78,10.5545,338.528,10.7459,324.872,10.1916,326.654,10.4589,31577178.93,71513317.73
2019/8/7,335.164,10.3257,338.528,10.6127,332.586,10.2301,333.78,10.5171,15308461.44,48875028.81
2019/8/8,338.926,10.7271,342.688,10.9372,337.144,10.2873,337.542,10.2873,15618192.32,63600984.52
2019/8/9,334.965,10.593,343.475,10.9184,334.965,10.5733,343.076,10.7646,13884955.87,31375340.37
2019/8/12,336.547,10.5358,340.509,10.7271,335.363,10.4214,335.562,10.5171,12469953.1,29749448.34
2019/8/13,330.605,10.3257,335.95,10.5733,330.605,10.2675,332.984,10.3829,13287313.24,32483133.23
2019/8/14,336.547,10.2675,341.494,10.6315,333.979,10.2103,339.513,10.5545,17661053.16,35923431.92
2019/8/15,327.042,10.306,331.401,10.3632,322.493,9.94307,323.479,10.0387,30316549.8,35142101.56
2019/8/16,323.09,10.3632,326.057,10.6127,322.692,10.1916,323.877,10.2675,23974913.97,36877445.78
2019/8/19,333.382,10.5733,334.965,10.6689,327.44,10.306,327.44,10.5358,22023760.43,54401505.04
2019/8/20,330.018,10.6127,336.348,10.6689,330.018,10.4214,333.78,10.4786,15676024.04,31467381.65
2019/8/21,329.222,10.5545,332.785,10.88,329.023,10.3829,329.62,10.5171,10535336.97,45777192.08
2019/8/22,327.639,11.3583,332.188,11.4145,327.639,10.6127,331.6,10.6315,10632953.92,137129261.4
2019/8/23,330.804,11.4145,332.586,11.4924,326.654,11.1472,328.037,11.3011,11922406.98,59544621.76
2019/8/26,322.692,11.2814,322.692,11.2814,317.347,10.7459,319.716,10.7646,22996330.12,67001948.19
2019/8/27,322.891,11.5684,324.474,11.7597,320.712,11.3386,320.712,11.3583,18102559.89,75242149.27
2019/8/28,315.765,11.5102,323.678,12.1423,314.77,11.4924,322.095,12.027,22866915.32,67915237.89
2019/8/29,316.949,11.453,317.347,11.5881,309.027,11.1857,314.77,11.5102,25287832.88,48608846.95
2019/8/30,321.498,11.5881,323.877,11.8169,317.746,11.4727,323.678,11.664,19616766.04,46299315.7
2019/9/2,327.838,11.5486,328.236,11.7784,321.697,11.4727,324.275,11.4727,17131092.36,23572268.73
2019/9/3,325.857,11.2232,330.416,11.6058,325.061,11.2232,329.62,11.4727,14105851.9,41632191.94
2019/9/4,337.732,11.6256,338.329,11.6256,329.62,11.2429,329.819,11.2429,22566515.11,60687229.35
2019/9/5,337.931,12.0654,342.489,12.0654,332.387,11.5486,341.494,11.5684,18311494.94,75739030.05
2019/9/6,339.911,12.1986,341.494,12.3899,336.149,12.0072,340.509,12.1798,13584274.35,144709459
2019/9/9,338.926,12.8307,342.489,12.8682,336.547,12.2942,342.29,12.3139,8896103.551,129173525.2
2019/9/10,336.746,12.8307,341.494,13.2696,335.363,12.6009,340.509,12.9639,10786001.35,69143484.55
2019/9/11,342.489,12.8869,344.271,13.0023,335.95,12.6197,337.542,12.9264,15956918.93,39701494.84
2019/9/12,345.853,12.8869,347.436,13.0023,343.674,12.7351,346.64,13.0023,15459137.77,30327286.68
2019/9/13,346.052,13.4994,347.038,13.5369,343.076,12.8495,346.441,12.8869,10038332.44,68770348.92
2019/9/16,343.076,13.0783,343.076,13.3465,336.348,12.9067,342.489,13.0595,23612004.15,65494620.93
2019/9/17,340.11,12.6966,341.892,12.9826,337.144,12.5437,339.712,12.9826,9320319.347,59407923.11
2019/9/18,339.513,12.6966,342.091,13.0023,338.13,12.5812,340.509,12.6394,7410650.999,36937802.47
2019/9/19,334.965,12.6394,339.712,12.7923,334.566,12.4096,339.125,12.7923,9534730.025,43946959.34
2019/9/20,334.168,12.4481,337.343,12.7351,330.804,12.3327,337.343,12.6966,19479706.45,84593645.47
2019/9/23,332.387,12.3327,334.965,12.6394,331.8,12.2755,332.984,12.4481,8392780.445,40545627.59
2019/9/24,332.188,12.2942,334.766,12.4481,330.804,12.1798,331.6,12.3524,10828955.42,43075541.61
2019/9/25,325.061,11.9313,329.023,12.1798,324.673,11.8928,327.639,12.1029,17612605.37,47689356.81
2019/9/26,329.023,12.1611,331.999,12.1986,326.654,11.9885,331.999,12.0654,12573404.36,34050114.49
2019/9/27,326.057,12.6009,328.037,12.7153,325.26,12.0842,326.654,12.1798,10933044.68,50754883.31
2019/9/30,326.843,12.7153,329.023,12.7725,320.114,12.3139,320.712,12.4481,14840229.6,38278493.56
2019/10/2,321.697,12.811,323.28,12.9451,319.915,12.4481,319.915,12.524,17459508.71,36116144.41
2019/10/3,321.896,12.8495,322.692,12.9067,318.731,12.5812,319.915,12.6197,15987880.87,18669679.36
2019/10/4,319.517,12.6009,323.678,12.9264,316.75,12.4481,323.479,12.8869,12739488.82,34345592.03
2019/10/8,320.513,12.9264,324.275,13.3278,318.731,12.6009,318.731,12.6394,15439332.06,62754288.45
2019/10/9,314.969,12.9067,319.915,13.0023,314.969,12.6572,318.333,12.8682,17870742.73,27981673.24
2019/10/10,315.566,13.2509,319.328,13.4609,314.182,12.811,316.153,12.9067,16656123.98,77805733.25
2019/10/11,321.498,13.2696,324.673,13.3465,319.716,12.7923,320.712,13.098,19806601.68,59701653.58
2019/10/14,324.872,13.0595,327.241,13.4806,320.712,13.0221,323.678,13.4609,24257888.6,36787418.24
2019/10/15,325.459,12.7351,328.236,13.1365,324.275,12.6769,326.057,13.098,14348201.37,52298400.25
2019/10/16,327.639,12.9067,328.624,13.0783,324.673,12.6572,326.654,12.7538,14096316.27,31229793.8
2019/10/17,327.639,13.1365,329.421,13.2321,325.061,12.811,329.421,12.811,10445173.9,25507464.81
2019/10/18,327.639,13.1177,330.804,13.4234,326.843,13.0408,328.624,13.2124,10006063.38,37762710.31
2019/10/21,321.498,13.0408,326.843,13.1365,321.498,12.8307,326.256,13.0595,14090225.76,21989173.42
2019/10/22,324.275,13.6522,324.474,13.8239,321.498,13.2696,321.697,13.3653,10555601.83,95176648.25
2019/10/23,316.75,13.5369,322.493,13.8239,316.352,13.4037,321.498,13.7282,20058921.82,38065887.95
2019/10/24,315.765,13.5763,317.347,13.6325,313.386,13.2893,315.765,13.5763,18661979.59,26587622.88
2019/10/25,313.386,13.5566,317.148,13.7667,313.386,13.3465,317.148,13.3465,15951845.18,32405223.67
2019/10/28,318.731,14.0349,320.314,14.245,312.988,13.8239,313.187,13.8623,17790994.42,78499295.2
2019/10/29,313.784,14.2647,320.513,14.4935,313.784,14.0734,319.716,14.4166,20131737.68,75430140.7
2019/10/30,312.988,14.0734,316.153,14.4363,311.405,13.9974,312.789,14.4363,13330183.92,45639288.84
2019/10/31,317.547,14.245,318.731,14.3406,315.168,14.1306,317.746,14.1493,16272741.33,31048521.96
2019/11/1,318.333,14.2065,318.93,14.3022,315.566,14.0921,316.352,14.0921,10510821.21,18770717.62
2019/11/4,324.275,14.532,324.474,14.6079,318.731,14.3209,318.731,14.3604,14927590.54,47692500.12
2019/11/5,329.62,14.6661,330.605,14.7036,324.076,14.4748,326.654,14.6661,22981438.41,36553240.38
2019/11/6,330.605,14.532,331.401,14.6079,327.838,14.2262,329.819,14.5892,12556025.01,46914697.37
2019/11/7,330.217,14.5892,330.217,15.0665,323.479,14.4748,329.62,14.6848,15692739.28,47490006.86
2019/11/8,323.877,14.8574,331.8,15.0862,322.891,14.6079,331.6,14.7036,16826721.57,58447338.72
2019/11/11,319.716,14.456,323.877,14.6276,318.731,14.3791,323.678,14.532,15241740.11,41087943.45
2019/11/12,326.843,14.532,326.843,14.8377,321.896,14.3604,323.09,14.6464,16071320.46,25883901.94
2019/11/13,324.076,13.9777,328.236,14.3406,322.095,13.9018,328.236,14.3406,16091647.61,45789808.93
2019/11/14,316.551,13.9777,320.513,14.1878,314.77,13.8623,316.75,13.8623,25954219.3,35675602.95
2019/11/15,316.75,14.1306,319.716,14.245,315.566,13.9777,319.716,14.0536,13726872.87,28811209.86
2019/11/18,326.654,14.7617,326.654,14.7992,317.547,13.9392,318.731,14.1878,26051168.12,48963232.21
2019/11/19,333.183,14.7805,333.183,14.8189,327.042,14.532,329.62,14.6661,24889730.32,26774086.26
2019/11/20,332.188,14.3978,334.168,14.6848,329.222,14.3604,332.188,14.532,13885296.46,29112938.54
2019/11/21,326.057,14.3406,328.624,14.5122,324.673,14.0921,328.624,14.2834,13481125.5,30871328.32
2019/11/22,330.217,14.2065,330.416,14.4935,326.654,14.1878,329.023,14.4935,10774317.66,21188888.88
2019/11/25,335.363,14.6079,338.329,14.6848,334.367,14.245,338.329,14.245,18110988.35,28374796.29
2019/11/26,332.188,14.8189,338.528,15.029,330.416,14.7036,337.542,14.7805,29740044.12,49444296.04
2019/11/27,331.6,14.6276,335.363,15.0665,330.605,14.5517,333.581,14.7992,11326989.77,32749018
2019/11/28,334.566,14.4166,336.746,14.5704,330.217,14.3209,331.6,14.456,18379088.35,28602648.99
2019/11/29,328.435,13.9974,331.8,14.3978,325.658,13.882,330.804,14.3978,13950190.24,46334560.35
2019/12/2,329.62,14.1493,331.6,14.2834,328.236,13.9974,331.6,14.0734,10300267.58,26435908.33
2019/12/3,327.639,14.245,329.222,14.3406,323.28,13.958,325.658,14.0921,12866185.9,22158936.68
2019/12/4,325.26,14.3209,326.057,14.4166,322.095,13.9974,324.474,14.0152,12388440.53,35321110.21
2019/12/5,326.654,14.5122,330.217,14.5704,325.658,14.3022,330.217,14.5704,11817742.03,24693412.56
2019/12/6,332.188,14.6848,332.984,14.7617,328.824,14.4748,330.217,14.5122,15798909.27,35095740.73
2019/12/9,332.785,14.1878,334.367,14.8189,330.416,14.1306,331.6,14.8189,9940477.369,49882170.75
2019/12/10,333.382,14.2262,335.363,14.5122,329.421,14.169,329.819,14.3022,10579498.69,39248908.42
2019/12/11,336.547,14.3406,336.945,14.456,333.581,14.169,335.562,14.2065,12664139.1,28907374.97
2019/12/12,345.455,14.6848,347.834,14.7036,340.11,14.245,341.305,14.4748,33624048.54,42521506.27
2019/12/13,357.329,14.7233,358.126,15.0862,352.98,14.6464,356.344,15.0487,33123189.97,42697135.35
2019/12/16,356.145,14.6661,360.694,14.8761,354.363,14.5122,359.121,14.6276,19436282.18,32529468.71
2019/12/17,367.432,14.5704,369.214,14.8574,359.708,14.4935,364.456,14.7233,32891088.48,41234511.08
2019/12/18,373.772,14.3022,376.141,14.6661,369.413,14.2065,376.141,14.5704,31884181.04,51589067.98
2019/12/19,371.781,14.1108,371.781,14.3791,366.646,14.0152,370.796,14.3791,18630271.16,35134945.96
2019/12/20,371.383,13.9777,374.17,14.1306,368.417,13.9195,374.17,14.0349,21878802.87,37215408.75
2019/12/23,373.971,14.1493,374.17,14.2262,370.01,13.9777,374.17,14.0349,11791759.41,30769785.1
2019/12/24,372.976,14.1306,375.942,14.2262,372.976,14.0349,375.146,14.0349,6425727.473,10154097.67
2019/12/27,380.102,14.3978,381.496,14.4935,374.359,14.1306,374.947,14.1306,19376775.63,31310384.3
2019/12/30,379.306,14.6464,380.7,14.8949,377.335,14.2834,377.534,14.3791,14475588.68,49470495.05
2019/12/31,371.781,14.5704,376.34,14.8189,370.796,14.4935,375.146,14.5892,10484984.26,14993905.94
2020/1/2,378.51,14.9146,380.899,14.9334,371.781,14.5892,371.981,14.6079,14134519.1,45866503.75
2020/1/3,379.107,15.0665,386.034,15.5645,377.335,15.0103,384.064,15.2775,15470180.46,89381035.44
2020/1/6,373.573,14.7617,376.141,15.2203,371.582,14.6464,376.141,14.9708,12247546.99,39713094.68
2020/1/7,381.685,14.9906,383.865,15.2775,376.141,14.8377,376.937,14.8949,17867763.79,57063520.35
2020/1/8,378.122,14.8574,381.874,14.9906,375.345,14.6464,378.51,14.7992,15688444.18,31260347.82
2020/1/9,386.034,15.3732,386.034,15.4689,383.068,15.029,386.034,15.1059,16110395.37,46779860.38
2020/1/10,394.554,15.2963,395.152,15.4876,388.025,15.2006,390.792,15.316,25551475.01,36702918.88
2020/1/13,402.278,15.6217,402.278,15.6602,393.36,15.316,395.948,15.4876,27853063.98,36049330.75
2020/1/14,396.326,15.3357,408.807,15.7746,392.564,15.2963,405.841,15.7746,27102819.01,39972635.03
2020/1/15,394.753,15.2203,398.914,15.4314,392.186,15.0103,393.161,15.2963,16101624.31,37487016.38
2020/1/16,395.948,15.1059,398.914,15.3535,392.385,14.9708,394.952,15.2775,13911877.89,40050393.5
2020/1/17,394.952,14.8377,396.525,15.1819,391.986,14.6661,395.948,15.1622,13811075.02,71529181.33
2020/1/20,391.986,14.1878,400.885,14.8574,391.986,14.0536,400.885,14.8189,13418657.08,92429908.47
2020/1/21,381.496,13.4422,390.991,14.169,379.505,13.3653,390.991,13.958,24421350.79,124214941.2
2020/1/22,387.03,13.4806,388.821,13.7864,378.709,13.4037,383.467,13.5763,18873939.8,97905351.49
2020/1/23,381.685,13.0023,385.835,13.4609,375.146,12.8307,385.636,13.385,18812261.08,80179152.85
2020/1/24,381.874,12.8495,384.661,13.0595,379.505,12.7153,383.068,13.0023,8133269.649,28873534.67
2020/1/29,379.306,12.4668,385.636,12.5812,377.136,12.1798,380.301,12.1798,32086811.58,71256484.7
2020/1/30,371.184,11.9698,385.059,12.4856,366.447,11.9126,382.073,12.4284,25202666.2,61120526.99
2020/1/31,369.214,11.9885,380.899,12.2567,367.621,11.951,376.34,12.1798,20507270.59,51461860.12
2020/2/3,376.141,12.0467,379.306,12.3524,365.849,11.6838,374.17,11.951,28972617.72,125758494.6
2020/2/4,389,12.1986,389.598,12.2567,380.899,11.8554,386.034,11.951,28725252.78,95742224.62
2020/2/5,388.224,12.4856,395.948,12.9264,383.467,12.2567,395.948,12.7153,22628331.48,100858637.4
2020/2/6,395.948,12.7923,395.948,12.9067,388.224,12.5053,393.957,12.6572,17974635.07,71006404.71
2020/2/7,398.317,12.9067,398.317,12.9451,390.593,12.6394,395.152,12.7153,15049505.24,49622689.21
2020/2/10,396.525,13.098,396.923,13.385,390.991,12.7923,391.588,12.9639,16632367.78,73618538.68
2020/2/11,404.846,13.8436,406.827,14.6079,399.511,13.7479,400.885,14.2262,23421989.68,151539721.8
2020/2/12,406.827,14.0734,409.405,14.245,404.05,13.7667,405.841,13.958,17884247.95,67354826.69
2020/2/13,412.172,13.958,412.371,14.1878,409.006,13.8623,411.773,14.1493,18046199.06,47118149.84
2020/2/14,410.778,13.8436,415.735,14.0152,409.205,13.672,410.778,13.8436,14029753.68,52265482.66
2020/2/17,412.371,14.3978,415.536,14.532,406.04,13.8061,406.438,13.8061,10789083.78,85312217.05
2020/2/18,404.05,14.3978,410.201,14.5122,403.263,14.1108,408.807,14.3978,13166864.41,47946210.12
2020/2/19,407.215,14.3978,410.39,14.532,404.448,14.3022,405.841,14.3209,12629233.71,27958974.46
2020/2/20,405.841,14.4363,411.773,14.7036,401.482,14.2834,411.773,14.7036,16752749.3,47187088.79
2020/2/21,396.923,14.4363,404.249,14.532,395.948,14.245,401.88,14.3406,17624995.37,51345976.3
2020/2/24,386.433,14.1493,391.787,14.3406,386.034,14.0349,389.2,14.1493,23420219.39,47429075.25
2020/2/25,397.52,14.3791,398.715,14.3978,386.433,13.9195,386.831,14.1493,24328030.95,45829734.08
2020/2/26,395.55,14.2065,399.7,14.4363,391.588,13.9195,393.559,13.958,18514041.08,35268069.33
2020/2/27,395.152,14.0921,397.52,14.1878,390.394,13.8623,394.952,14.0734,19375197.24,33924620.24
2020/2/28,382.073,13.2509,387.826,13.7479,380.5,13.1177,387.428,13.5566,32242819.87,76827078.85
2020/3/2,385.636,13.6325,390.593,13.7104,380.7,13.0408,380.7,13.0408,23326427.34,50196686.63
2020/3/3,389.996,13.4806,394.753,13.9018,389,13.4422,389,13.8436,22032674.15,31830433.33
2020/3/4,389.996,13.4806,391.986,13.6907,386.831,13.2509,391.986,13.5763,19758607.02,48067956.74
2020/3/5,402.079,13.672,402.676,13.7479,389.996,13.4806,393.957,13.5763,27323564.34,34247644.36
2020/3/6,391.787,13.4609,396.127,13.4806,390.991,13.2893,393.957,13.4037,30698263.64,34838436.19
2020/3/9,373.573,12.8495,381.098,13.1552,369.811,12.7153,376.141,12.8307,36494409.98,63986211.77
2020/3/10,379.107,13.1177,385.437,13.3278,372.18,12.7725,378.122,12.811,32231212.53,65076405.12
2020/3/11,374.558,12.811,380.7,13.2124,373.175,12.7153,379.107,13.0783,20657966.01,38589855.98
2020/3/12,359.907,12.238,365.65,12.3899,358.126,11.9885,364.257,12.3327,38432025.15,61450348.78
2020/3/13,361.291,12.2942,364.257,12.3524,332.586,10.6887,332.586,10.6887,57981776.5,103583919.5
2020/3/16,338.329,11.4145,354.164,12.027,333.581,11.2626,352.383,11.951,50217549.37,69158269.28
2020/3/17,346.252,11.2626,351.198,11.8554,334.566,10.88,338.329,11.8554,42581726.32,50577014.36
2020/3/18,330.605,10.306,351.596,11.3011,326.654,10.2301,339.513,10.8987,44852416.65,77534267.58
2020/3/19,339.513,9.84741,347.038,10.4017,321.896,9.56042,339.513,10.0585,60363078.61,93105161.13
2020/3/20,355.956,10.4786,360.694,10.4786,345.654,9.77049,351.397,9.77049,52835532.41,57338878.66
2020/3/23,344.47,9.63735,355.757,9.98055,336.746,9.56042,336.746,9.90461,39091117.43,54538349.69
2020/3/24,361.49,10.6689,364.068,10.7459,354.363,9.94307,357.329,10.0387,36989032.36,76247706.37
2020/3/25,376.141,11.453,377.733,11.664,369.612,11.1285,371.184,11.1857,36598455.03,101280615
2020/3/26,377.923,11.1857,382.073,11.4727,372.18,11.0141,382.073,11.4727,29619630.45,47821476.35
2020/3/27,378.51,11.2429,386.034,11.5299,377.923,11.1285,386.034,11.377,29033485.65,41013144.76
2020/3/30,372.777,10.7843,376.141,11.0713,367.82,10.6887,368.019,10.8987,22062741.9,37528305.32
2020/3/31,376.34,10.9372,382.073,11.1285,367.034,10.7084,381.297,11.1285,22429034.55,48800640.78
2020/4/1,370.597,10.3632,379.704,10.9944,368.616,10.2498,379.704,10.7084,23863569.76,64636535.93
2020/4/2,375.942,10.4017,375.942,10.5545,365.849,10.1541,366.247,10.2873,12250311.94,35648595.81
2020/4/3,372.578,10.4017,372.578,10.5545,368.218,10.2498,368.218,10.4973,14420618.36,28978564.93
2020/4/6,377.534,10.7271,380.102,10.7271,372.777,10.2873,376.141,10.6887,14011313.36,34975086.16
2020/4/7,383.666,10.9559,383.666,11.0516,378.122,10.6502,383.666,10.8987,19111095.95,65798996.08
2020/4/8,381.098,10.6315,383.865,10.9559,378.709,10.5733,383.865,10.804,15337070.36,52799702.96
2020/4/9,387.428,10.9944,387.428,11.1098,382.67,10.6315,386.034,10.88,15856988.15,78905657.69
2020/4/14,390.991,10.804,393.559,11.09,388.423,10.7084,391.986,11.0713,26467697.94,54779022.04
2020/4/15,390.991,10.7084,396.525,11.0713,390.991,10.6315,396.525,10.9372,20717729.77,35732754.48
2020/4/16,402.676,10.5733,402.676,10.6689,390.991,10.4401,394.952,10.593,29146934.72,47156677.74
2020/4/17,405.443,11.1857,415.337,11.3968,402.079,10.7459,412.769,10.804,29930768.92,104495122.4
2020/4/20,404.448,11.2054,406.827,11.4145,402.477,11.09,405.443,11.377,15494667.09,41347148.17
2020/4/21,396.525,10.7646,406.239,11.2054,392.564,10.6502,406.239,11.2054,21038790.68,57339891.62
2020/4/22,405.244,10.8987,405.642,11.0328,391.986,10.5171,392.962,10.5171,17330181.31,45849833.04
2020/4/23,407.414,10.9756,410.778,11.09,403.263,10.8228,405.841,11.0141,17989833.21,25978237.84
2020/4/24,402.278,10.9184,406.239,11.0713,400.287,10.6502,400.885,10.804,12629739.07,27680663.47
2020/4/27,408.807,11.3583,410.778,11.377,406.04,10.9372,408.608,11.0713,15826951.54,51220588.51
2020/4/28,412.968,11.3583,412.968,11.4342,408.21,11.1098,410.778,11.4342,13248604.04,40198750.79
2020/4/29,412.769,11.5881,414.739,11.7212,409.405,11.3386,413.764,11.4342,13410167.33,54012560.57
2020/5/4,395.948,11.0328,404.647,11.2232,395.948,10.9756,404.647,10.9944,24891053.51,52142398.62
2020/5/5,401.88,11.5486,403.453,11.6256,396.525,11.1472,397.122,11.2054,12712152.86,38475125.05
2020/5/6,405.841,12.027,408.011,12.1226,401.681,11.4727,402.477,11.4924,20000927.34,58327448.69
2020/5/7,403.074,12.0654,407.414,12.2755,403.074,11.9698,407.414,12.1611,12424408.9,44747879.64
2020/5/8,413.953,12.3899,413.953,12.6197,407.414,12.1029,408.409,12.1611,22245134.7,58736022.64
2020/5/11,430.585,12.5053,430.585,12.7153,419.298,12.4481,420.691,12.524,33800596.98,49536403.23
2020/5/12,426.624,12.3327,430.386,12.4481,421.478,12.1029,423.857,12.3327,22263750.85,35060303.42
2020/5/13,425.24,12.238,433.75,12.3327,421.866,12.0467,423.857,12.238,24524806.07,27327171.51
2020/5/14,426.225,12.0467,442.459,12.1798,422.264,11.8169,439.493,12.0842,33267767.75,38186253.53
2020/5/15,418.084,11.8741,432.386,12.1029,416.899,11.74,426.823,11.9126,24773953.35,45737735.39
2020/5/18,419.875,12.1423,422.254,12.238,413.724,11.7972,415.904,11.8554,20738258.86,32922719.52
2020/5/19,426.823,12.4096,429.799,12.6197,422.453,12.238,427.022,12.5053,19987338.73,44098579.59
2020/5/20,436.746,12.2942,436.746,12.5625,428.813,12.1986,431.391,12.4096,21403555.18,36548361.15
2020/5/21,430.197,12.1226,434.566,12.4668,428.216,11.9885,433.173,12.3139,18919272.01,36523693.24
2020/5/22,409.355,11.377,423.847,11.951,406.976,11.2429,423.847,11.8554,38151622.56,76515759.01
2020/5/25,413.525,11.5102,414.511,11.6256,403.005,11.2232,406.976,11.377,20098900.97,30113861.79
2020/5/26,422.254,11.6838,425.24,11.8741,416.103,11.6058,419.278,11.7597,16117235.39,32916987.54
2020/5/27,416.899,11.5684,420.074,11.7597,411.136,11.3968,420.074,11.7597,20987382.03,41662065.58
2020/5/28,405.184,11.4411,417.895,11.7143,401.213,11.2261,417.895,11.4609,29155804.24,45375267.75
2020/5/29,407.364,10.3474,410.35,10.4451,401.014,10.1531,402.806,10.4451,29495854.04,368844761.6
2020/6/1,425.827,10.6403,426.624,10.7774,416.103,10.524,416.302,10.524,23163673.47,151492060
2020/6/2,427.221,10.8169,432.775,11.0309,426.026,10.6995,432.775,10.7577,17978996.48,99229715.6
2020/6/3,429.4,11.1877,434.168,11.1877,423.05,10.9332,432.775,11.0506,20178174.05,156687077.9
2020/6/4,431.789,11.2261,431.789,11.5191,425.429,11.0309,431.789,11.383,18611614.83,85911396.46
2020/6/5,430.993,11.4806,430.993,11.4806,423.448,11.0703,430.794,11.2261,26726928.43,70013792.99
2020/6/8,426.823,11.6759,432.586,11.9096,423.847,11.5191,431.789,11.8899,19866369.46,81949474.04
2020/6/9,430.595,12.1246,431.789,12.242,425.041,11.7735,428.813,11.8317,18634460.78,130670322.3
2020/6/10,442.907,11.8514,444.091,12.242,432.586,11.8514,433.77,12.242,34194210.52,120882362.9
2020/6/11,439.135,11.6946,452.034,12.164,438.737,11.5191,447.466,11.8899,27127332.76,92371307.99
2020/6/12,437.741,11.7538,441.115,11.7735,429.799,11.2261,431.391,11.3238,17590491.85,57450265.52
2020/6/15,430.396,11.3238,441.115,11.7341,429.002,11.1285,431.789,11.4214,16128790.48,80285261.98
2020/6/16,445.485,11.5388,449.456,11.6759,442.111,11.5191,446.082,11.6561,22617807.22,36446312.97
2020/6/17,447.266,11.6167,450.252,11.6946,441.713,11.4214,448.461,11.4214,14182561.99,29339912.13
2020/6/18,454.612,12.3001,454.612,12.4954,441.912,11.9096,449.058,12.4954,18765994.5,162948380.7
2020/6/19,457.001,12.2222,462.156,12.5546,453.029,12.2025,454.612,12.3978,25520367.39,81464688.93
2020/6/22,470.696,11.9875,471.094,12.3396,455.806,11.8899,456.603,12.3199,26156563.49,55498050.92
2020/6/23,493.728,12.0467,494.912,12.1049,471.692,11.7143,476.449,11.9875,31561462.36,44324267.47
2020/6/24,487.179,11.9875,501.272,12.2617,487.179,11.9875,498.296,12.2025,23235108.87,36458053.76
2020/6/26,481.416,12.3396,489.358,12.6128,480.032,12.0467,482.809,12.1828,18011312.76,100470620.7
2020/6/29,482.411,11.9875,490.155,12.4175,477.445,11.7538,477.445,12.4175,22243290.07,80281443.36
2020/6/30,494.912,11.9096,496.306,12.164,484.591,11.7143,484.591,12.0851,22309259.88,59455391.2
2020/7/2,514.669,12.2804,515.167,12.2804,499.282,11.949,499.282,11.949,32021083.9,83244752.36
2020/7/3,520.621,13.8229,525.09,13.8229,507.722,12.457,516.162,12.457,21157046.25,257482645.2
2020/7/6,516.162,16.0103,525.09,16.0488,512.191,14.311,520.134,14.3505,23432793.25,353173600.4
2020/7/7,512.191,16.5369,527.081,18.4502,508.22,16.0488,515.167,17.2204,25411354.09,349614726.8
2020/7/8,538.985,16.5961,542.459,16.6938,511.693,15.9314,511.693,16.2056,27817478.4,171673865.8
2020/7/9,558.842,16.5369,559.837,16.9867,539.98,16.3219,540.976,16.7914,26259853,126651480.6
2020/7/10,542.459,17.1819,557.846,17.5715,541.971,16.1464,544.947,16.3032,23634162.88,185107406.6
2020/7/13,537.004,18.607,551.894,18.8999,536.009,17.3959,536.507,17.6504,20185046.22,260908885.2
2020/7/14,521.119,17.6691,531.54,18.2549,513.674,17.1819,525.09,18.0597,26034080.13,183401322.6
2020/7/15,538.985,17.2786,538.985,18.1573,526.583,16.9669,534.526,17.962,22334163.45,133142272.6
2020/7/16,509.215,15.2095,538,17.2786,507.224,15.1513,535.014,17.103,27248373.36,249657315.9
2020/7/17,517.148,15.5221,526.086,16.0103,513.176,15.1316,515.167,15.1316,17695086.47,133878530.9
2020/7/20,518.641,15.7371,523.607,15.9127,509.215,14.526,517.148,15.5803,13083536.34,122377956.4
2020/7/21,559.837,16.0882,559.837,16.4008,539.98,15.8535,544.449,16.4008,29316637.11,91020572.49
2020/7/22,535.014,15.2677,558.842,16.3614,533.531,15.2677,548.918,16.0488,21086828.55,99275012.78
2020/7/23,552.89,15.7174,553.377,15.8338,538.985,15.17,541.971,15.4245,19230029.69,74650026.09
2020/7/24,524.095,15.5024,542.956,16.4008,521.119,15.2677,538,15.4245,28344414.04,109543258.3
2020/7/27,516.162,15.3466,534.028,15.8338,511.196,15.0921,526.086,15.5606,18826439.45,59246584.95
2020/7/28,539.483,15.6198,540.478,15.8929,525.09,15.463,531.052,15.6395,21694814.6,60062137.88
2020/7/29,537.502,16.029,538.497,16.1859,529.062,15.385,532.535,15.6198,12576142.18,77362834.31
2020/7/30,531.052,15.8732,545.445,16.7914,528.066,15.8535,542.956,16.2638,13804854.91,110837334.1
2020/7/31,530.057,15.9127,545.932,16.3219,530.057,15.7953,536.009,15.9906,15748907.21,60057103.51
2020/8/3,535.014,16.2056,537.502,16.3811,524.095,15.8732,532.038,15.8929,18210523.28,53865993.95
2020/8/4,545.932,16.459,552.392,16.7717,536.009,16.2835,541.971,16.4985,20331382.23,71656984.39
2020/8/5,556.851,16.8496,556.851,16.9078,546.928,16.3219,553.377,16.5172,16003194.55,56315121.77
2020/8/6,551.397,16.7125,559.837,17.0251,539.483,16.4393,556.363,16.9669,20721767.67,50254006.47
2020/8/7,523.607,16.4393,554.87,16.8299,495.709,16.0685,554.87,16.5764,62579371.3,54083988.81
2020/8/10,498.296,16.3614,514.172,16.5172,497.301,16.0103,506.229,16.2056,48945447.54,36613383.12
2020/8/11,509.703,16.4788,522.114,16.8693,506.229,16.3219,507.224,16.4985,25688279.41,42933227.59
2020/8/12,516.65,16.5764,519.138,16.5961,500.277,16.1267,508.22,16.4008,19085944.21,42923840.24
2020/8/13,506.229,16.3417,527.081,16.7914,506.229,16.2638,524.095,16.7914,27457466.15,39193645.92
2020/8/14,502.755,16.3032,510.2,16.459,497.799,16.029,498.784,16.1079,18125304.36,33441792.1
2020/8/17,500.775,15.2677,511.196,16.3811,498.296,15.2292,504.746,16.2056,14900941.8,141036780.2
2020/8/18,508.22,15.5803,512.689,15.8929,505.244,15.4048,511.196,15.5221,13486907.56,72372736.11
2020/8/19,502.258,15.6198,516.162,15.6977,502.258,15.3269,512.191,15.6198,11178847.3,39036626.27
2020/8/20,504.248,15.17,505.244,15.4442,498.296,14.9748,504.248,15.4048,14482580.41,63686478.59
2020/8/21,514.172,15.1316,520.621,15.3269,508.22,15.0537,512.689,15.3071,18380833.52,43664910.84
2020/8/24,543.952,15.1898,543.952,15.2874,531.052,14.8387,533.531,15.1316,27614101.37,72844266.58
2020/8/25,540.478,15.3653,544.947,15.5418,533.033,15.0537,543.952,15.0921,18147408.84,47906768.64
2020/8/26,547.425,15.1898,550.899,15.6779,541.971,15.0921,549.416,15.4827,15749770.25,45634651.94
2020/8/27,553.875,15.463,555.866,15.463,542.956,15.0537,549.904,15.2489,17158965.84,46980741.42
2020/8/28,536.507,15.3653,553.875,15.5606,536.507,15.2095,549.904,15.3269,22705448.48,51605044.13
2020/8/31,526.583,15.9906,550.401,16.7914,526.583,15.9314,550.401,16.1079,21766221.86,189231075.8
2020/9/1,535.014,16.6938,542.956,16.7125,527.081,15.8732,533.531,16.0103,19914458.57,103975411
2020/9/2,540.976,17.2401,550.899,17.4551,539.483,16.8101,550.899,17.1819,14673676.95,137208737.6
2020/9/3,530.057,16.1267,544.449,17.1622,529.062,16.1267,541.971,17.0843,17205796.05,119225301.3
2020/9/4,514.172,15.9511,520.621,16.029,509.215,15.3269,513.176,15.5024,33319030.72,90752083.84
2020/9/7,507.224,15.9709,520.621,16.2638,506.229,15.7756,512.191,15.9511,18174075.67,51907140.88
2020/9/8,504.746,15.9511,516.162,16.1464,498.296,15.5221,513.176,16.1267,18655478.16,43947647.82
2020/9/9,500.277,15.5606,504.746,15.7559,497.799,15.4245,498.296,15.6198,17891746.05,44867104.5
2020/9/10,502.258,15.4245,514.669,15.815,502.258,15.4245,510.2,15.7371,13784110.8,30178550.16
2020/9/11,512.191,15.815,514.669,15.8929,502.755,15.4245,505.244,15.4245,12833732.99,38177706.76
2020/9/14,525.588,15.5803,533.531,15.9906,514.669,15.5803,517.645,15.9511,19425112.9,29541546.56
2020/9/15,525.588,15.7953,534.526,15.9906,523.607,15.4442,531.54,15.5221,11403591.35,38605335.28
2020/9/16,530.555,15.6779,534.028,15.8732,526.583,15.5418,534.028,15.7756,10262028.58,41619301.31
2020/9/17,523.11,15.6779,532.038,15.9314,518.143,15.5418,531.052,15.6977,11861643.54,54781207.15
2020/9/18,521.119,15.6,521.119,15.815,506.727,15.463,516.162,15.6395,21858883.62,40824052.15
2020/9/21,512.689,15.6198,523.607,16.1859,508.22,15.5418,518.143,15.6977,10589667.29,73229121.7
2020/9/22,507.722,14.9363,514.669,15.7174,506.229,14.8584,509.215,15.6977,12639734.86,108937669.6
2020/9/23,510.2,15.2677,517.645,15.385,506.229,14.8969,508.22,15.0142,12610839.6,47178604.89
2020/9/24,501.272,14.9363,508.22,15.1119,501.272,14.8584,506.229,15.0724,14453746.43,50043047.55
2020/9/25,499.779,14.8189,507.722,15.2292,498.296,14.604,506.229,15.1316,13325569.32,50024338.76
2020/9/28,502.258,14.8969,505.731,15.0537,499.779,14.6819,501.272,14.8771,11021381.19,32821282.77
2020/9/29,501.77,14.7608,511.693,15.17,501.77,14.7608,511.196,15.1316,11516391.38,38690508.93
2020/9/30,507.722,15.0339,516.162,15.2874,505.244,14.7992,508.717,14.8969,10321369.36,39509745.63
2020/10/5,521.119,14.3702,526.086,15.2677,517.645,14.3702,526.086,15.2292,18374274.82,60254923.38
2020/10/6,523.607,15.2489,525.588,15.3269,521.617,14.4284,523.607,14.4284,7909029.96,76884032.65
2020/10/7,531.052,15.1316,532.038,15.2489,522.612,15.0142,526.086,15.17,11607457.67,24260246.74
2020/10/8,531.052,15.2292,534.028,15.2292,527.569,14.7992,534.028,15.1119,8189410.45,41545407.08
2020/10/9,535.511,15.4245,540.976,15.6582,531.052,15.2677,533.531,15.4048,15305533.73,70797825.59
2020/10/12,552.89,16.029,552.89,16.1267,539.483,15.4245,540.976,15.4245,19041024.94,85600144.55
2020/10/14,569.263,16.3417,569.76,16.6938,556.363,16.1859,563.808,16.5172,26096710.31,125741489.3
2020/10/15,547.923,16.3032,565.789,16.9867,544.449,16.244,565.789,16.4196,15637167.14,107789049.2
2020/10/16,552.89,16.0103,559.339,16.459,547.923,15.7953,554.87,16.3417,10401772.74,57147552.27
2020/10/19,557.349,15.7371,564.296,16.2243,554.373,15.6977,557.846,16.1464,9844543.292,30085926.86
2020/10/20,560.335,16.2243,562.315,16.2835,554.373,15.6779,562.315,15.7953,10020378.39,38123542.4
2020/10/21,562.315,15.9906,568.765,16.4008,557.846,15.9511,564.296,16.2056,12304443.33,40868397.21
2020/10/22,559.339,15.9127,563.311,16.1267,548.918,15.815,561.818,15.9906,12746503.66,26659983.98
2020/10/23,557.349,15.9127,560.335,16.1661,552.89,15.7371,556.363,15.9511,7609955.965,31618596.32
2020/10/27,580.679,15.7953,584.153,16.2056,556.363,15.6582,560.822,15.8338,28328520.64,50862941.3
2020/10/28,596.564,15.5221,599.54,15.9127,579.684,15.3071,583.157,15.815,25102982.57,55603083.22
2020/10/29,600.536,15.6779,609.464,15.9127,583.157,15.1316,584.65,15.2489,23222013.57,56543577.79
2020/10/30,586.631,15.5418,605.492,16.1079,580.181,15.2292,592.593,15.4442,25070237.29,80986360.79
2020/11/2,597.052,17.6504,599.043,17.8644,582.172,15.6,588.622,15.6779,15622910.41,336322413
2020/11/3,593.578,18.6258,599.043,19.036,590.602,17.7668,592.593,17.8644,17103698.12,284963887.7
2020/11/4,584.153,19.2116,595.071,19.9641,569.263,18.392,569.76,18.5676,28676224.27,191563622.2
2020/11/5,620.382,20.8911,620.382,20.8911,604.497,19.6712,605.492,20.0124,26151870.52,186736918.5
2020/11/6,609.961,20.4029,622.373,21.6229,601.521,19.6218,621.875,21.0864,21509146.47,194299937.3
2020/11/9,617.904,20.5499,628.325,21.6722,615.416,20.1593,625.847,21.0371,17472175,144109124.7
2020/11/10,590.602,19.9147,606.488,20.7442,580.679,19.3289,603.512,20.7442,36389091.98,115502934.9
2020/11/11,546.928,18.7826,580.679,20.5982,546.928,18.7234,556.851,19.5242,66558674.82,142701256.9
2020/11/12,572.736,20.0124,581.674,20.11,565.789,19.251,565.789,19.3289,32549878.24,85277577.73
2020/11/13,597.55,20.2077,597.55,20.6958,576.708,19.7195,585.646,20.5006,28667183.96,74351536.04
2020/11/16,592.593,20.3546,598.545,20.6958,581.177,20.0124,595.569,20.5006,19534132.23,63288981.26
2020/11/17,577.205,20.5982,591.598,21.4769,577.205,20.4029,591.598,20.6958,19516270.62,100011259.9
2020/11/18,584.65,22.0134,586.631,22.404,575.712,20.9887,581.674,21.2817,13583471.59,136134222.3
2020/11/19,568.765,22.1111,582.66,22.4533,568.765,21.184,581.674,22.2087,15823483.31,159142167.9
2020/11/20,583.655,22.5509,587.626,23.0391,571.253,21.7205,573.732,21.7205,16691326.77,105407980.2
2020/11/23,581.674,22.8438,595.569,23.1851,581.674,22.0627,594.574,22.8438,21055029.7,100947198.7
2020/11/24,579.684,23.3803,585.646,23.8685,574.727,22.7462,582.66,23.332,16021153.62,114957612.6
2020/11/25,568.765,22.3556,589.617,23.7225,566.784,22.258,585.148,23.6249,20757886.74,100330739.2
2020/11/26,581.674,22.3556,581.674,22.6486,570.756,21.33,574.229,22.4533,11227059.99,95578550.27
2020/11/27,578.688,22.1604,590.105,22.5992,578.688,21.9158,581.674,22.404,11264290.27,49872499.48
2020/11/30,558.842,21.0371,580.181,22.1604,558.842,21.0371,577.703,22.0134,33057393.97,107177877.5
2020/12/1,573.732,21.1347,576.708,21.4769,567.282,20.9887,568.765,21.2323,22387247.95,53673131.39
2020/12/2,569.76,20.257,580.181,21.2323,563.808,19.7195,580.181,21.2323,13575366.65,148636482.5
2020/12/3,584.65,20.11,584.65,20.5982,575.215,19.8664,580.181,20.11,15672980.79,68442727.45
2020/12/4,584.153,20.5499,588.622,20.7442,582.66,20.0617,584.65,20.2077,14470347.14,77703471.12
2020/12/7,579.186,20.3546,588.124,20.5499,575.215,19.8664,588.124,20.5499,12223618.98,54826647.3
2020/12/8,578.688,20.4522,586.133,20.8911,578.201,20.0617,583.655,20.5499,9834929.288,70097297.65
2020/12/9,580.679,21.2323,586.631,21.6722,578.688,20.5499,586.631,20.5499,9959972.628,109183662.3
2020/12/10,573.732,20.6958,578.201,21.2323,573.234,20.5982,575.712,20.9394,10304483.32,55852901.6
2020/12/11,583.655,21.4769,585.646,21.9158,578.201,20.8911,585.646,21.2323,12130164.51,94400577.36
2020/12/14,566.784,21.9158,581.177,22.1604,565.789,21.1347,581.177,21.4276,21334782.25,71176667.86
2020/12/15,555.866,22.5016,567.77,23.1367,555.866,21.4769,566.784,21.9651,23498508.87,118431194.9
2020/12/16,567.282,22.3063,567.282,23.0874,548.918,22.0627,559.339,22.9898,17444230.19,65039327.2
2020/12/17,578.688,22.3063,578.688,22.4533,569.76,21.7698,575.712,22.404,13940226.6,47811336.63
2020/12/18,575.712,22.5016,581.674,22.8438,570.258,22.1111,581.674,22.1111,19348726.32,57468202.68
2020/12/21,567.77,22.7945,576.21,23.1367,566.784,22.1604,576.21,22.4533,13254986.92,72091775.61
2020/12/22,568.267,21.5746,573.732,22.7462,563.311,21.4769,570.258,22.5509,10346189.55,84623459.29
2020/12/23,566.784,22.9415,570.258,22.9415,562.315,21.4276,563.808,21.5746,11476319.8,96840807.58
2020/12/24,551.894,22.7945,567.282,23.0391,551.894,22.404,565.789,23.0391,13840844.38,30423472.07
2020/12/28,515.167,23.9178,538,24.1614,515.167,22.7945,535.511,22.7945,61010417.87,119234616.7
2020/12/29,526.583,23.2827,535.014,24.3074,522.114,22.9415,526.086,24.2097,36519825.96,76151415.53
2020/12/30,555.368,23.8685,558.842,24.2591,535.014,23.332,538,23.332,29400142.01,69304636.14
2020/12/31,559.837,25.8695,564.794,26.2601,555.368,24.0638,560.822,24.0638,13294316.02,133851193.2
2021/1/4,568.267,26.2601,578.688,26.4554,553.377,25.3814,553.875,25.8695,20938778.52,105907825.8
2021/1/5,579.186,25.7236,582.172,26.2118,561.32,25.4307,567.77,25.4307,18806991.41,83032197.45
2021/1/6,592.095,25.8212,594.574,26.3094,580.679,25.1861,580.679,25.9672,25903882.67,75445744.72
2021/1/7,564.296,27.1388,580.181,27.8223,564.296,25.8695,576.21,25.9672,40174417.47,120936075
2021/1/8,568.765,32.4595,573.732,33.0453,563.311,28.3104,564.296,28.5057,23033947.21,372920060.3
2021/1/11,586.631,31.6291,597.55,34.6558,576.708,30.7513,576.708,33.5335,38688873.49,243118753.6
2021/1/12,585.646,31.5808,592.095,31.922,581.674,29.8726,582.172,31.4338,20320903.18,116897329
2021/1/13,591.598,31.922,598.047,32.7031,584.153,30.849,585.148,32.1173,22777833.32,109089781.7
2021/1/14,624.851,32.0196,624.851,33.6794,602.516,31.9713,603.512,32.6547,36886472.27,114761153.5
2021/1/15,640.239,30.4584,641.224,32.2149,613.435,29.4821,624.851,32.0196,30888239.94,153259631.3
2021/1/18,652.143,31.2385,662.574,31.5314,630.803,29.5797,633.779,29.9209,33752161.24,76739653.17
2021/1/19,650.162,31.2385,668.526,31.6784,643.215,30.4584,660.086,31.4338,30547671.71,92778512.06
2021/1/20,674.478,32.996,674.976,34.1193,653.138,32.2149,666.048,33.3865,36483046.79,164194739.9
2021/1/21,677.454,32.5078,694.832,33.4358,669.024,32.2149,675.473,33.2889,27961202.18,87198442.34
2021/1/22,685.894,31.2385,694.334,32.5078,679.444,30.9949,684.899,32.2642,30555253.2,103094538
2021/1/25,760.842,32.996,761.827,33.4358,697.31,31.4338,701.779,31.6784,47311910.79,114855813.9
2021/1/26,713.196,32.6054,743.463,35.5828,710.21,32.2642,739.492,33.8747,50340406.48,182337233.9
2021/1/27,696.315,30.9456,723.617,33.3382,693.339,30.2632,710.707,32.7524,37664218.98,141393365.8
2021/1/28,675.971,28.7986,714.181,30.4584,675.971,28.701,694.832,29.775,37567340.48,154226526.7
2021/1/29,676.468,27.6753,711.703,30.1162,676.468,26.9435,689.865,29.8233,34227351.66,183830146.6
2021/2/1,706.736,28.0659,722.124,28.4564,692.841,27.1881,692.841,27.6753,28856596.62,85920142.98
2021/2/2,719.148,29.2868,742.478,29.9209,718.152,28.5057,734.535,28.8963,26522990.77,98156841.91
2021/2/3,730.564,28.7493,734.038,29.7257,717.655,28.3588,728.573,29.7257,17106198.83,68159900.22
2021/2/4,730.066,28.1152,737.014,28.554,705.253,27.3341,719.645,28.3104,23815118.95,84027483.02
2021/2/5,727.588,27.4317,751.406,28.6517,727.09,26.9435,742.478,28.3104,18803747.22,86349491.19
2021/2/8,731.062,27.5777,744.459,28.1152,729.569,27.1881,742.478,28.0175,14928569.13,48001965.41
2021/2/9,735.033,28.6034,742.966,29.0915,731.559,27.773,739.99,27.9199,10731116.43,82568960.26
2021/2/10,755.377,29.2375,764.315,29.3844,745.952,28.3104,753.397,29.1399,17050619.66,76277718.93
2021/2/11,751.406,29.1399,757.368,29.1399,743.463,28.1635,757.368,29.0422,10336919.15,24400458.79
2021/2/16,739.492,29.5304,760.842,30.1162,735.531,28.8963,756.87,29.8233,23755449.64,52440472.94
2021/2/17,751.904,29.4821,757.368,29.9209,725.1,28.8963,735.531,29.2868,16155862.21,46968902.28
2021/2/18,741.98,28.701,769.77,29.775,739.492,28.5057,761.329,29.628,24422358.5,62457300.09
2021/2/19,735.531,28.554,741.98,28.8963,720.641,27.3341,741.483,28.7986,22757673.95,91272849.75
2021/2/22,708.229,27.6753,743.961,29.4328,705.751,27.4317,743.961,28.7986,27499678.75,98744661.79
2021/2/23,701.779,26.8459,716.669,27.5777,691.856,26.3577,691.856,27.3341,27134416.92,102377912.3
2021/2/24,681.923,25.2837,710.21,27.1388,674.976,24.8932,704.258,26.7483,41895093.12,161503853.8
2021/2/25,686.392,25.9672,711.703,26.5047,686.392,25.479,694.832,25.7719,24187032.92,94537350.02
2021/2/26,657.607,24.6003,681.425,25.5766,657.607,24.405,664.057,25.1861,37353035.3,117036328.3
2021/3/1,691.856,25.4307,691.856,25.8695,673.98,24.7956,686.889,25.2354,27280564.05,59335142.23
2021/3/2,692.841,25.333,716.669,26.2601,687.387,25.0401,706.736,25.6743,23251766.85,57782832.13
2021/3/3,717.655,25.5283,717.655,25.5283,684.899,24.9425,692.841,25.333,18421375.3,40941548.19
2021/3/4,684.899,24.0638,704.258,25.1378,684.899,24.0155,696.813,24.8932,24679920.18,79777075.41
2021/3/5,673.98,23.7709,689.865,24.4543,662.076,22.5509,663.559,23.1851,27339023.71,79519331.83
2021/3/8,637.751,21.5252,683.913,24.0155,636.268,21.184,678.449,23.9178,36502851.5,133318079.1
2021/3/9,639.244,21.9158,659.588,22.7462,608.468,20.4029,627.33,21.4769,39094197.85,100234533.5
2021/3/10,653.636,22.5016,665.052,23.3803,647.186,22.2087,665.052,23.3803,23428743.29,66675006.08
2021/3/11,675.473,23.3803,678.449,23.5273,652.641,22.4533,653.636,22.5016,21128822.13,48457882.73
2021/3/12,645.693,23.1851,689.368,24.0638,642.717,23.0391,688.87,23.8202,26179319.01,54671048.22
2021/3/15,623.358,22.6969,648.172,23.5756,616.411,22.3063,645.196,23.2344,35273424.43,56517528.85
2021/3/16,625.847,23.3803,638.746,23.6249,620.382,22.9415,634.277,22.9415,19688916.79,47644519.98
2021/3/17,619.885,23.9661,634.277,24.2591,617.406,23.0874,619.885,23.5756,19241188.93,53113658.12
2021/3/18,635.77,24.1121,646.689,25.0401,627.33,23.9661,630.306,24.405,22529130.11,59265738.88
2021/3/19,623.358,23.3803,633.779,23.9661,619.387,22.9898,623.358,23.9661,22708026.54,70799298.89
2021/3/22,628.823,23.5756,638.746,23.8685,624.851,23.1851,625.847,23.478,14116818.24,31952653.47
2021/3/23,623.856,22.0134,639.741,23.6249,621.875,21.7698,639.741,23.5756,14716369.8,139764919.6
2021/3/24,618.889,19.4266,632.794,21.4276,611.454,18.9778,626.334,21.33,18183288.79,295900015.4
2021/3/25,601.521,19.2116,617.406,19.466,584.153,18.4502,595.569,19.2116,44619316.48,83930105.2
2021/3/26,615.416,19.9641,627.33,20.2077,601.023,19.4463,601.521,19.4857,24671711.75,74402801.45
2021/3/29,607.483,19.4266,617.406,20.1593,596.067,19.1534,615.416,19.9641,29224232.56,56490440.58
2021/3/30,604.995,19.5242,616.411,19.6218,602.019,18.8802,608.966,19.4266,20709390.73,56255978.81
2021/3/31,605.492,19.3092,616.909,20.11,604.497,19.0558,613.435,19.9641,16058634.07,66722134.49
2021/4/1,649.167,20.0617,651.158,20.2077,616.909,19.4857,622.861,19.6218,33147924.75,64731374.76
2021/4/7,624.851,19.9147,653.138,20.4522,618.889,19.6712,648.172,20.2077,27380700.8,53666723.09
2021/4/8,615.416,20.257,624.354,20.5499,609.464,19.5735,609.464,19.8171,249227363.2,50844358.24
2021/4/9,615.913,20.2077,624.354,20.6465,610.957,19.9641,624.354,20.4029,22630898.5,43117938.83
2021/4/12,608.966,18.7826,614.928,20.3546,598.545,18.607,611.454,20.2077,28188036.02,116518619.5
2021/4/13,603.512,18.7826,617.406,19.1928,602.516,18.6652,608.966,18.8802,18577461.96,52150951.47
2021/4/14,618.889,19.7195,620.382,20.2077,610.957,19.3289,616.411,19.3881,18133702.68,86179154.03
2021/4/15,615.416,19.8664,618.889,19.9147,605.99,19.4068,618.889,19.6712,14656888.36,32956822.44
2021/4/16,627.33,21.2817,627.827,21.8182,611.454,20.4522,615.416,20.7442,20911527.95,191510141.3
2021/4/19,622.373,22.3063,639.244,22.7945,615.416,21.4769,625.349,21.5746,20392037.17,127289176.7
2021/4/20,617.904,22.5509,621.378,22.9415,613.435,22.0627,615.416,22.3063,15341308.2,98584212.88
2021/4/21,604.497,21.9651,611.454,22.258,603.512,21.5252,609.961,22.1111,20814649.46,59822882.05
2021/4/22,616.411,21.5746,619.885,22.1111,611.454,20.7442,616.909,22.0134,15492156.33,93113021.45
2021/4/23,627.33,21.6722,627.33,21.9158,616.411,21.3793,622.861,21.6722,16418791,42996145.57
2021/4/26,623.856,21.0371,635.272,21.7698,620.88,20.8418,627.33,21.6722,14305732.57,61123939
2021/4/27,620.382,20.9887,620.382,21.2817,611.942,20.8418,618.889,21.184,13931438.46,46579568.45
2021/4/28,623.358,20.1593,623.358,21.184,612.937,20.0124,616.411,21.184,11280297.2,74975569.93
2021/4/29,626.832,20.4522,634.775,20.7442,623.856,19.8171,634.775,20.1593,12559156.67,37508827.93
2021/4/30,618.402,19.6712,622.861,20.257,615.416,19.5735,622.861,20.0617,12083992.38,47280706.8
2021/5/3,619.885,19.3289,619.885,19.7195,611.942,19.251,614.928,19.6218,8003406.748,39800053.94
2021/5/4,617.406,19.5735,620.382,19.6712,614.43,19.1337,619.885,19.3487,6373652.706,24767184.1
2021/5/5,605.99,19.5735,612.44,19.8171,605.99,19.2313,610.957,19.2905,11713437.77,22400178.88
2021/5/6,605.99,19.2905,614.43,19.8664,598.047,19.036,609.961,19.8171,21566889.77,58135161.05
2021/5/7,595.569,18.7628,608.468,19.4068,595.569,18.6455,608.468,19.2707,17592869.98,59734464.7
2021/5/10,590.602,18.7431,603.512,19.1731,585.646,18.6849,594.574,18.8408,20692870.4,33048198.56
2021/5/11,580.181,17.5528,581.674,18.4117,562.315,17.1819,577.703,18.4117,34875218.39,104647807.3
2021/5/12,594.076,17.9236,598.545,18.0991,580.181,17.0448,580.181,17.4739,23074368.43,79014086.79
2021/5/13,575.712,17.2598,590.602,17.5715,575.712,17.1819,588.622,17.3575,18113583.5,61251944.86
2021/5/14,578.688,17.1622,583.655,17.3959,569.76,16.9275,572.736,17.2786,16133265.43,35732737.24
2021/5/17,596.067,17.8062,600.038,18.1386,584.65,17.2401,588.622,17.3959,19309690.59,58701849.76
2021/5/18,603.014,17.8644,604.995,18.0212,595.071,17.5715,602.516,17.9818,12279151.94,39181968.01
2021/5/20,604.497,18.6258,610.957,19.0952,599.043,17.8259,606.488,17.8644,15747988.91,107893571.4
2021/5/21,584.153,18.7431,595.569,19.0163,579.186,18.4699,595.569,18.8408,40641065.9,40445999.77
2021/5/24,582.759,18.4315,585.248,18.9384,573.801,18.0409,583.755,18.8408,16686483.1,39184597.24
2021/5/25,607.145,19.0163,610.13,19.0755,585.745,18.3526,586.74,18.4699,27171780.82,64864618.8
2021/5/26,615.107,19.2313,621.577,19.8171,609.135,19.1534,621.577,19.2116,18814446.31,61145467.66
2021/5/27,602.666,19.251,610.13,19.5735,599.182,18.8605,607.145,19.2905,25866007.37,56298947.9
2021/5/28,598.684,19.3891,609.135,20.2175,598.187,19.2707,605.154,19.5272,15254493.81,70738989.86
2021/5/31,616.102,19.468,616.6,19.6455,600.675,19.0932,609.135,19.4483,15591183.89,40605956.9
2021/6/1,625.06,19.9217,629.042,20.0696,614.112,19.3102,616.102,19.4088,18126411.55,42319333.42
2021/6/2,625.558,21.1051,637.004,21.6969,622.572,20.1189,631.032,20.2668,16408874.58,138297539.8
2021/6/3,612.619,20.6613,626.553,21.9927,609.135,20.612,625.558,21.5489,12368348.48,77413218.58
2021/6/4,608.638,21.9434,611.623,22.5844,603.163,20.2668,607.145,20.6613,19029569.32,168638712.8
2021/6/7,597.689,20.8093,608.638,22.3872,595.698,20.6613,608.14,22.1406,19860364.35,131584307.6
2021/6/8,598.187,21.1051,603.163,21.8448,594.205,20.2175,603.163,20.2175,10372795.09,82959636.6
2021/6/9,600.177,21.4503,603.163,21.6969,594.703,20.5134,597.191,20.7599,7803427.625,60063195.46
2021/6/10,597.689,21.6969,605.652,22.2393,595.201,21.2531,602.168,21.4996,11782762.29,87683282.2
2021/6/11,593.21,21.7462,605.652,22.19,593.21,21.2531,605.652,22.0913,14564874.64,64077437.82
2021/6/15,597.191,22.7817,602.168,22.9296,589.229,21.6969,602.168,22.042,11585663.65,114003572.4
2021/6/16,593.708,21.8448,595.698,22.8803,591.717,21.5982,594.205,22.8803,9817057.629,86496476.58
2021/6/17,596.196,22.4858,596.196,22.8803,588.731,21.3517,591.219,21.5982,13836606.54,79500244.82
2021/6/18,600.177,23.6693,605.154,23.9652,596.694,22.5844,599.182,22.7817,12359461.88,181487868.1
2021/6/21,587.736,24.7048,597.191,25.3952,579.773,23.1762,597.191,23.3241,23619149.6,161812477.5
2021/6/22,570.815,24.6062,586.243,25.3459,568.825,24.1624,586.243,24.8528,31018098.82,84643367.62
2021/6/23,579.773,26.0362,580.271,26.7266,570.318,24.7541,577.285,24.8034,18474930,171934902.7
2021/6/24,580.271,25.7404,584.75,27.0224,577.285,25.5431,581.266,26.3321,10998788.43,93343056.22
2021/6/25,595.698,25.691,597.191,26.3814,581.266,25.1979,585.745,26.3814,19342637.82,82484460.9
2021/6/28,592.712,25.1486,603.163,26.0362,589.229,24.4583,600.177,25.1486,11539978.8,107650355
2021/6/29,587.736,24.9514,598.187,25.7404,585.248,24.8034,597.191,25.1979,14783461.86,83131769.51
2021/6/30,581.266,24.1131,594.703,25.05,581.266,23.2748,594.703,24.9514,13682400.69,139752982.1
2021/7/2,571.811,22.9789,595.698,23.8172,569.82,22.3379,595.698,23.7679,25055913.24,151676628.3
2021/7/5,551.407,24.2117,569.322,24.5076,545.932,22.5844,567.332,22.831,43541957.26,94392305.37
2021/7/6,556.383,23.9158,560.365,24.409,546.43,23.3734,549.416,24.261,19564637.02,49153910.67
2021/7/7,545.932,23.7186,550.909,24.0638,535.979,22.5351,549.416,22.9789,30664269.51,95685288.06
2021/7/8,525.528,23.8172,540.956,24.7541,521.049,23.472,537.472,23.62,45903411.46,107619312.3
2021/7/9,535.979,23.3241,539.463,24.409,507.115,23.1762,522.542,23.8172,43124094.2,104380444.2
2021/7/12,531.998,23.8172,548.421,24.409,520.054,22.7324,546.928,23.6693,30786807.12,85256279.25
2021/7/13,552.9,25.05,559.867,25.4938,530.505,23.8665,538.468,24.1131,33281737.14,98827246.77
2021/7/14,553.895,24.409,560.365,24.9021,551.407,23.9158,557.379,24.8528,20001924.01,63683235.9
2021/7/15,562.355,24.0145,569.322,24.261,557.876,23.5707,558.872,24.261,20274624.55,53868490.35
2021/7/16,561.36,24.0145,566.834,24.6555,554.393,23.8172,564.346,24.0145,14829476.26,50869649.74
2021/7/19,546.928,23.3734,557.379,24.0638,542.946,23.2748,557.379,23.6693,16994212.61,43446757.8
2021/7/20,539.961,22.5844,553.397,23.1269,536.477,21.9434,546.43,22.9296,19906497.31,131284484.2
2021/7/21,535.482,23.0776,541.951,23.4227,527.519,22.831,539.961,22.831,20396453.84,74690540.36
2021/7/22,541.453,23.62,546.43,24.1131,534.486,23.1762,542.449,23.5214,15766204.18,86048912.36
2021/7/23,528.514,23.3734,543.942,24.0638,526.524,23.2748,543.444,23.62,16837611.54,49611874.19
2021/7/26,487.706,23.0776,510.101,24.3596,486.91,22.8803,507.613,23.1269,82677664.42,131551487.3
2021/7/27,443.912,22.4365,478.549,24.5076,436.746,21.2531,463.221,23.0776,108535283.5,178359741
2021/7/28,445.107,23.4227,458.444,23.472,420.025,21.7462,448.889,22.9296,113394858.7,106024997.4
2021/7/29,489.697,25.1979,491.887,25.3459,466.406,23.9652,477.753,24.261,73239160.84,150641461.2
2021/7/30,476.758,25.5924,485.317,26.0855,462.823,24.4583,485.317,24.6555,40650291.08,93156251.13
2021/8/2,472.776,26.3814,476.559,26.8745,457.05,25.3952,473.772,26.1348,29583559.6,112631936.9
2021/8/3,443.912,26.48,466.606,27.6142,421.617,26.1842,466.606,26.8252,118366677.3,137493536
2021/8/4,454.662,27.8114,467.601,28.3045,431.968,26.2828,432.964,26.48,46320308,137670314.9
2021/8/5,436.945,27.6635,462.226,28.3538,430.575,27.4169,450.481,27.9594,58901663.58,87274695.07
2021/8/6,451.477,26.9238,458.245,28.2059,437.94,26.5786,442.718,27.7621,43148487.39,84729420.38
2021/8/9,459.439,26.6773,470.189,27.269,440.528,25.6417,445.704,25.9376,41149055.85,85524815.55
2021/8/10,483.924,27.0224,490.692,27.1211,470.985,25.7404,475.762,27.0718,41074258.71,69831431.13
2021/8/11,481.734,27.91,490.294,28.2059,477.753,26.48,487.905,26.628,20240406.37,98942841.61
2021/8/12,479.744,28.5018,488.901,29.3894,473.971,27.4662,480.341,27.6142,16427794.15,123709827
2021/8/13,467.999,28.058,473.971,29.1921,459.24,27.8114,468.994,28.1566,26541751.59,65525583.59
2021/8/16,451.676,26.1842,464.217,28.058,446.898,25.9376,461.43,27.7128,29157180.68,114452578.5
2021/8/17,432.964,25.2472,444.31,26.6773,430.973,24.0638,440.727,26.1348,43347032.8,121790953.8
2021/8/18,434.158,25.8883,440.926,26.4307,427.987,24.261,427.987,25.1486,26722027.48,93678785.41
2021/8/19,419.228,26.4307,448.69,27.6142,417.238,26.1348,445.903,26.8252,51342075.39,105090840.1
2021/8/20,423.409,25.3952,431.172,26.48,410.27,24.9021,419.228,26.2828,52381105.19,91704561.53
2021/8/23,431.769,25.2472,441.922,26.7759,429.58,24.9514,437.94,25.9376,44828251.53,99410095.15
2021/8/24,469.791,25.05,469.791,25.7897,443.116,24.6062,444.708,25.691,49752170.89,89275478.92
2021/8/25,472.378,25.1486,489.299,25.3459,465.61,24.5076,489.299,25.1979,41423577.91,52662132.3
2021/8/26,469.591,24.8034,478.549,25.0993,466.207,24.4583,472.378,24.9514,17379226.9,48824188.25
2021/8/27,464.217,25.4445,481.336,26.0855,460.435,24.5076,466.805,24.5569,23573792.28,64868853.15
2021/8/30,463.62,26.5293,466.207,27.0718,455.458,25.6417,462.027,26.1348,18562227.64,85034953.49
2021/8/31,478.947,27.7128,478.947,27.8114,445.107,26.3321,460.634,26.4307,52425844.62,98189458.35
2021/9/1,486.114,27.2197,492.285,27.91,475.563,26.8745,482.73,27.4169,35461242.62,47268926.48
2021/9/2,493.678,27.7128,507.613,28.1073,490.692,27.2197,496.664,27.8114,40662377.66,52387871.11
2021/9/3,485.716,27.0224,495.271,28.058,479.346,26.8252,494.275,27.6635,27268124.82,62897885.14
2021/9/6,502.636,27.5649,504.627,27.6635,485.915,26.7759,487.109,26.7759,26899845.87,44394323.81
2021/9/7,513.087,28.2552,517.566,28.6004,505.622,27.1211,507.613,27.4662,25080652.04,73329555.63
2021/9/8,522.045,27.3676,526.524,28.8469,510.101,27.2197,523.538,27.9594,33151116.69,60447705.83
2021/9/9,477.753,26.7266,509.106,27.6142,476.758,26.1348,506.617,27.1704,54345267.63,58108151.88
2021/9/10,487.706,26.7759,492.484,27.0718,478.947,26.48,488.901,26.7266,35838925.6,31599292.32
2021/9/13,475.762,26.4307,478.947,26.7759,468.795,26.0362,477.753,26.3814,27946459.17,46050416.99
2021/9/14,470.587,26.1348,480.54,26.7266,466.606,25.7897,474.17,26.4307,19998897.84,39209752.87
2021/9/15,451.278,26.0362,461.828,26.7266,449.088,25.839,455.856,26.0855,36336361.14,29494750.73
2021/9/16,448.889,24.7541,452.671,26.5293,442.917,24.6062,444.708,26.5293,24635187.78,55749150.96
2021/9/17,459.638,25.3952,465.411,25.3952,443.116,24.409,443.713,24.7541,24095421.08,60847459.24
2021/9/20,452.074,23.9158,455.259,25.05,445.903,23.1269,454.463,25.0007,15586184.49,60658958.8
2021/9/21,447.894,24.0638,451.676,24.261,441.125,23.1762,443.912,23.1762,16634743.9,22284612.43
2021/9/23,461.032,22.831,467.402,25.05,454.264,22.5351,458.046,24.4583,22315328.28,112569414.3
2021/9/24,458.046,22.6831,471.184,23.7679,454.064,22.4858,459.24,22.831,16735253.4,57792723.43
2021/9/27,462.425,21.6475,470.786,23.1762,453.069,20.7599,456.851,22.7817,18051498.87,121056303.7
2021/9/28,467.601,22.1406,473.971,22.4365,462.425,21.401,464.814,21.7462,21045793.46,49808449.91
2021/9/29,462.823,22.2393,462.823,22.2886,448.093,21.1051,459.439,21.6969,18336283.98,28537752.75
2021/9/30,459.24,22.042,462.425,22.5844,451.676,21.6969,453.865,21.9434,17416981.63,27566509.48
2021/10/4,454.861,21.6969,467.8,21.8941,452.273,21.0558,467.8,21.5489,11775377.72,26348876.06
2021/10/5,447.894,21.7462,451.477,21.9434,443.315,20.9572,444.111,21.3024,11937648.33,20048323.43
2021/10/6,444.31,21.2037,451.875,21.9434,443.514,21.0558,451.875,21.7462,10898773.25,27593971.9
2021/10/7,469.193,21.7462,470.587,21.8941,452.074,21.2037,452.87,21.3517,14619092.43,26548117.52
2021/10/8,479.545,21.8941,487.706,22.4858,469.791,21.2037,487.706,21.7462,29946567.88,47287849.22
2021/10/11,493.678,22.3872,496.266,22.7817,486.711,21.7462,490.294,21.8941,26327250.49,43563652.55
2021/10/12,480.938,22.2886,487.706,23.3734,477.952,22.0913,484.72,22.2886,16525820.02,45797187.61
2021/10/15,493.28,24.0638,497.659,24.409,482.132,23.3241,489.498,23.62,29263821.88,93732085.86
2021/10/18,494.673,24.4583,497.062,25.05,483.128,24.1131,497.062,24.409,20827542.81,61341557.69
2021/10/19,496.664,25.0007,497.659,25.4445,488.303,24.7048,493.081,25.3459,15500323.57,55609446.91
2021/10/20,507.115,26.2335,512.589,26.5293,502.138,24.9514,505.622,25.0007,32877927.87,92408321.01
2021/10/21,503.134,25.7404,510.101,26.5786,497.659,25.5924,507.115,26.5786,16761406.82,48576121
2021/10/22,507.115,26.3321,509.603,26.48,500.148,25.3952,505.124,25.3952,12803198.05,33540310.64
2021/10/25,502.636,26.5786,507.613,27.0718,498.655,25.839,503.134,26.1348,12315150.45,38895421.53
2021/10/26,499.65,26.6773,505.622,27.6142,493.28,26.3321,505.124,27.1704,15381144.68,46427845.78
2021/10/27,484.72,26.1842,489.299,26.4307,479.943,25.5431,488.503,26.1842,18803947.16,44259338.78
2021/10/28,485.915,25.9869,491.688,26.48,483.526,25.691,483.526,26.1348,13737537.79,30229755.75
2021/10/29,478.748,26.6773,486.114,26.8252,478.748,25.3952,484.521,25.7404,16517842.67,42495614.49
2021/11/1,467.402,25.7404,474.568,27.3183,462.823,25.3459,474.17,26.9731,22756069.44,59747852.18
2021/11/2,461.828,25.839,479.744,26.7266,458.046,25.5431,476.36,26.1348,33161229.03,59860248.95
2021/11/3,466.805,25.2966,467.8,25.9869,455.657,24.261,459.837,25.7404,19453728.85,58075675.37
2021/11/4,478.549,25.839,479.545,25.9869,471.582,25.1979,472.976,25.2966,16518007.45,35443678.14
2021/11/5,465.212,26.1348,471.98,26.48,463.022,25.2966,469.791,25.5431,20113386.78,56556832.43
2021/11/8,461.629,25.05,461.828,26.5293,451.278,24.9021,457.847,26.2828,22445822.14,54832443.16
2021/11/9,461.828,25.691,468.795,26.3321,457.449,25.05,466.805,25.3459,13671434.35,41793678.14
2021/11/10,481.336,25.2472,484.521,25.691,463.819,24.5569,466.805,25.6417,30761437.37,43047779.06
2021/11/11,475.364,25.4938,477.952,25.6417,464.814,24.8528,475.762,25.05,36204654.61,23245818.4
2021/11/12,482.929,25.0007,489.1,25.839,479.545,24.8034,485.517,25.7404,23941733.65,46845005.04
2021/11/15,489.498,24.9514,492.484,25.1979,486.711,24.3596,489.697,25.0007,19485819.07,37130437.89
2021/11/16,500.148,25.9869,506.617,26.3814,491.887,24.8528,495.072,25.0993,28396135.15,68377323.21
2021/11/17,506.617,26.4307,506.617,26.6773,496.266,25.8883,501.641,26.1348,21545376.06,43874592.15
2021/11/18,494.474,25.9376,501.143,26.3321,490.493,25.691,499.65,26.1348,19412766.1,34958247.13
2021/11/19,493.678,25.6417,494.275,25.8883,482.73,25.1486,484.322,25.691,15284381.72,34320710.17
2021/11/22,492.086,26.7266,499.152,26.9238,488.702,25.3459,495.669,25.6417,14755852.62,69649719.23
2021/11/23,478.947,25.9376,483.526,26.7266,476.758,25.691,481.734,26.2335,18814010.26,50639760.98
2021/11/24,469.99,25.0007,478.549,25.7897,465.212,24.5569,470.985,25.691,26144357.35,79667039.16
2021/11/25,475.563,25.05,480.142,25.1979,468.795,24.5076,469.99,24.9514,17019385.45,36743688.67
2021/11/26,461.231,24.3596,470.388,24.9021,457.847,24.261,470.388,24.8528,33040169.34,40386838.56
2021/11/29,460.235,23.62,468.994,24.4583,459.24,23.3241,459.837,24.1624,19601261.47,67515096.13
2021/11/30,457.25,22.831,458.046,24.2117,446.898,22.5844,455.458,23.8172,35753642.38,93422918.68
2021/12/1,466.606,22.6831,471.383,23.472,459.24,22.4858,460.435,23.1269,20436786.64,58936323.7
2021/12/2,471.383,22.7817,471.383,23.1762,461.43,22.2393,464.814,22.5351,17803204.58,52384427.67
2021/12/3,460.435,22.7324,466.606,22.9789,455.458,22.0913,466.606,22.7324,22602796.95,48161040.38
2021/12/6,445.704,21.9434,457.449,22.8803,445.505,21.7462,446.699,22.19,31103757.8,63761432.42
2021/12/7,461.629,22.9296,461.828,23.0776,449.486,21.8941,455.657,22.4365,23344874.69,58840618.93
2021/12/8,464.814,23.1762,468.198,23.472,462.823,22.5351,465.411,23.2748,15244630.64,35823020.3
2021/12/9,470.388,23.9158,472.179,24.1131,468.795,23.2748,472.179,23.3734,13416489.93,58661349.69
2021/12/10,461.231,23.8665,471.781,24.2117,459.439,23.5214,468.795,23.5214,15302135.83,27968886.04
2021/12/13,464.416,23.472,478.748,24.3596,464.416,23.3734,468.397,24.1624,22344427.5,34298077.3
2021/12/14,457.648,22.7817,463.42,23.3734,455.259,22.3872,457.847,23.1762,13715789.99,38953117.56
2021/12/15,453.666,22.4858,462.226,22.9789,451.079,22.2886,457.449,22.8803,13434821.74,32644439.96
2021/12/16,450.481,22.6831,453.069,22.831,446.102,21.5982,449.884,22.1406,21128367,55415309.79
2021/12/17,435.95,22.0913,445.107,22.6338,435.95,21.8941,444.908,22.6338,28417455.95,45219299.59
2021/12/20,427.987,21.6475,437.542,22.2886,426.992,21.4996,435.352,22.2393,20509081.06,37984061.42
2021/12/21,438.737,21.7462,444.708,21.9927,427.39,21.3024,427.987,21.4503,17307563.44,23162606.78
2021/12/22,440.926,21.8941,448.69,22.4858,438.338,21.7462,447.894,21.9434,13904728.42,26575131.76
2021/12/23,459.638,22.042,466.606,22.19,447.097,21.7462,451.875,22.0913,33107252.36,17875966.37
2021/12/24,458.046,21.6475,466.406,22.2886,456.851,21.3517,466.406,22.19,9552043.069,16707924.3
2021/12/28,448.292,20.8093,457.05,21.6475,442.917,20.3161,455.657,21.5982,19038731.21,84578254.39
2021/12/29,442.718,20.6613,443.514,20.8586,438.338,20.4148,441.523,20.612,9634499.054,20459412.03
2021/12/30,441.324,20.5627,448.69,20.7106,439.931,20.2668,444.31,20.612,7700697.737,21250557.64
2021/12/31,454.662,21.0065,459.837,21.4503,453.069,20.8093,459.837,21.0065,9921669.327,18864499.9
