Date,TSLA.US,GM.US
2012/1/4,-0.013178419,0.004859255
2012/1/5,-0.021290186,0.04820395
2012/1/6,-0.007743363,0.033782556
2012/1/9,0.012636566,-0.003385237
2012/1/10,0.013574287,0.017387643
2012/1/11,0.022087296,0.052887654
2012/1/12,0.000706695,0.008307218
2012/1/13,-0.193274678,-0.015582035
2012/1/17,0.167178954,-0.003617372
2012/1/18,0.007894752,0.01283029
2012/1/19,-0.001863114,0.012614734
2012/1/20,-0.005980942,0.007247288
2012/1/23,0.006394749,-0.003155673
2012/1/24,0.024278998,-0.005241336
2012/1/25,0.020060175,0.005268953
2012/1/26,0.034676377,-0.008099299
2012/1/27,0.013476181,-0.014185665
2012/1/30,0.008182762,-0.00563218
2012/1/31,-0.016907367,-0.008699943
2012/2/1,0.01754386,0.014490087
2012/2/2,0.02265213,-0.00238941
2012/2/3,0.029752017,0.076852753
2012/2/6,0.020865135,0.019868832
2012/2/7,-0.006287736,-0.017885047
2012/2/8,0.010443021,-0.018007524
2012/2/9,0.020355433,-0.000348281
2012/2/10,-0.045428177,-0.009250329
2012/2/13,0.012540213,-0.006396045
2012/2/14,0.053350355,0.002400492
2012/2/15,0.012965048,-0.018492744
2012/2/16,0.017558036,0.089790109
2012/2/17,0.022813722,0.006285969
2012/2/21,-0.013438681,-0.010221012
2012/2/22,-0.008117391,-0.018885596
2012/2/23,0.009060504,0.008914715
2012/2/24,-0.022589053,-0.026663108
2012/2/27,-0.003853333,0.014985418
2012/2/28,0.005652894,-0.012072632
2012/2/29,-0.011832298,-0.00460369
2012/3/1,0.0299327,0.017201337
2012/3/2,-0.010754141,-0.000785619
2012/3/5,-0.007931857,-0.01692375
2012/3/6,-0.019544003,-0.054639428
2012/3/7,0.000303534,0.01221408
2012/3/8,-0.001508152,0.02293717
2012/3/9,0.050497353,0.006607873
2012/3/12,0.036558722,-0.008938672
2012/3/13,0.002220214,0.026801939
2012/3/14,-0.02216542,0.009581495
2012/3/15,-0.008220447,-0.010329997
2012/3/16,0.009145727,-0.018375951
2012/3/19,-0.009627676,-0.007029511
2012/3/20,-0.000570326,-0.011875573
2012/3/21,0.005431914,0.008096809
2012/3/22,-0.021337157,-0.009619634
2012/3/23,-0.009300886,0.004856535
2012/3/26,0.097416373,0.016296097
2012/3/27,0.014438522,-0.008952251
2012/3/28,-0.00237217,-0.007961653
2012/3/29,-0.013735817,0.006273675
2012/3/30,-0.002410926,0.013496233
2012/4/2,-0.017722855,0.043435741
2012/4/3,0.03909098,-0.045784548
2012/4/4,-0.079191002,-0.0170744
2012/4/5,-0.008284298,-0.009583821
2012/4/9,-0.04494382,-0.026593548
2012/4/10,-0.02081448,-0.020209452
2012/4/11,0.019408503,0.013368999
2012/4/12,0.010575703,0.011250784
2012/4/13,0.004485653,-0.020496801
2012/4/16,-0.039891396,-0.015983705
2012/4/17,-0.000311628,0.02635449
2012/4/18,0.013027315,0.004736518
2012/4/19,0.015312332,-0.005844303
2012/4/20,0,-0.017029707
2012/4/23,-0.036794275,-0.027518035
2012/4/24,-0.00375705,-0.002650162
2012/4/25,0.034256811,0.018259759
2012/4/26,0.017625342,0.017703704
2012/4/27,-0.004478942,-0.008125315
2012/4/30,-0.006298731,-0.022548375
2012/5/1,0.019618141,0.013506564
2012/5/2,0.004738011,-0.016265104
2012/5/3,-0.043607773,-0.024435451
2012/5/4,-0.019408503,-0.00040671
2012/5/7,0.020108388,0.002202938
2012/5/8,-0.070218555,-0.008137013
2012/5/9,-0.004307711,0.009601272
2012/5/10,0.096472056,-0.003173849
2012/5/11,-0.021539778,-0.016593749
2012/5/14,-0.067906977,-0.016590156
2012/5/15,-0.020958084,-0.009870891
2012/5/16,-0.008496432,0.022832907
2012/5/17,-0.020901338,-0.013638332
2012/5/18,-0.035355206,-0.019997594
2012/5/21,0.043906103,0.01704256
2012/5/22,0.070213764,-0.001743884
2012/5/23,0.007468322,0.02918402
2012/5/24,-0.022567698,-0.004029108
2012/5/25,-0.016820608,0.018198437
2012/5/29,0.063069546,0.018336509
2012/5/30,-0.040394382,-0.021123036
2012/5/31,-0.029921128,-0.007460215
2012/6/1,-0.045762634,-0.008681196
2012/6/4,-0.009591457,-0.040798129
2012/6/5,0.001076038,0.00661795
2012/6/6,0.044424858,0.027215128
2012/6/7,-0.007543752,0.000946643
2012/6/8,0.039747598,0.009183862
2012/6/11,-0.031914947,-0.005988271
2012/6/12,0.018543988,0.01151504
2012/6/13,0.003712076,-0.013658399
2012/6/14,-0.012767866,-0.003137982
2012/6/15,0.017694824,-0.002670912
2012/6/18,0.064528586,-0.014400574
2012/6/19,0.007848606,0.01461098
2012/6/20,0.052666022,-0.012081179
2012/6/21,-0.047069272,-0.039088973
2012/6/22,0.049706431,-0.00182615
2012/6/25,-0.020127227,-0.033662642
2012/6/26,-0.045303602,-0.002983457
2012/6/27,0.011075627,-0.009514081
2012/6/28,-0.017210549,0.008223815
2012/6/29,-0.003820439,-0.005153693
2012/7/2,-0.028441994,-0.007553089
2012/7/3,0.008550973,0.056196042
2012/7/5,0.018590998,-0.006381962
2012/7/6,-0.007684918,-0.011156321
2012/7/9,0.016132623,-0.004326012
2012/7/10,-0.00698318,-0.020862791
2012/7/11,0.007675076,0.005100366
2012/7/12,0.037764142,-0.028605202
2012/7/13,0.047399083,0.014858242
2012/7/16,0.04992708,-0.012202797
2012/7/17,-0.072580746,0.011421328
2012/7/18,-0.035982063,0.023963928
2012/7/19,0.00373251,0.00353572
2012/7/20,-0.014874519,-0.038794605
2012/7/23,-0.035544252,-0.003007559
2012/7/24,-0.026746575,-0.014611811
2012/7/25,-0.029824112,-0.011568949
2012/7/26,-0.028326425,0.016522984
2012/7/27,0.049058032,0.02931235
2012/7/30,-0.073195651,-0.015784918
2012/7/31,0.002561248,0.018179621
2012/8/1,-0.042669584,-0.002624187
2012/8/2,-0.005714286,-0.026522463
2012/8/3,0.044827586,0.047047319
2012/8/6,0.036672167,-0.009488663
2012/8/7,0.070038787,0.028810707
2012/8/8,-0.03835035,-0.001966637
2012/8/9,0.0110038,0.013270668
2012/8/10,0.018019351,-0.005450209
2012/8/13,0.041082164,-0.003398153
2012/8/14,-0.056145332,-0.012648422
2012/8/15,-0.000678111,-0.003395542
2012/8/16,0.030612245,0.059037233
2012/8/17,-0.009569307,0.031848841
2012/8/20,-0.016664417,-0.006407001
2012/8/21,-0.013551361,-0.010768984
2012/8/22,0.028856014,0.004662089
2012/8/23,0.026043362,-0.01815518
2012/8/24,-0.040025968,-0.007576634
2012/8/27,-0.040001627,0.002012949
2012/8/28,0.013066737,-0.013168129
2012/8/29,-0.009761224,0.016993229
2012/8/30,0,-0.008690292
2012/8/31,0.003870116,0.011401343
2012/9/4,-0.013322253,-0.002124305
2012/9/5,-0.007105544,0.021257777
2012/9/6,0.02182888,0.031811259
2012/9/7,0.028024567,0.040972266
2012/9/10,-0.067461555,-0.016777049
2012/9/11,0.01570695,-0.00050336
2012/9/12,0.017266218,0.006982679
2012/9/13,0.04243289,0.017285074
2012/9/14,0.030870134,0.026011832
2012/9/17,0.070745311,-0.01409482
2012/9/18,-0.036877746,0.026473865
2012/9/19,-0.00925177,0.013129615
2012/9/20,-0.004830918,-0.013327032
2012/9/21,-0.028480583,0.01552405
2012/9/24,0.021320822,-0.017686918
2012/9/25,-0.097847358,-0.034570325
2012/9/26,-0.004338395,-0.005559117
2012/9/27,0.034493464,-0.008963203
2012/9/28,0.027730831,-0.018531498
2012/10/1,-0.004098361,0.014956581
2012/10/2,0.021949588,0.025554717
2012/10/3,-0.016781851,0.029945444
2012/10/4,0.003414682,0.010711203
2012/10/5,-0.017346939,0.006089717
2012/10/8,0.012461059,-0.009338693
2012/10/9,-0.030087179,-0.008162423
2012/10/10,0.001057457,-0.00563218
2012/10/11,-0.002815146,0.017732437
2012/10/12,-0.024009534,-0.008917278
2012/10/15,-0.011217418,0.001584668
2012/10/16,0.026712404,0.012689143
2012/10/17,0.027049132,0.010904897
2012/10/18,-0.027034201,0.019878643
2012/10/19,-0.010699021,-0.037868733
2012/10/22,0.003969005,0.001162754
2012/10/23,0.019389552,-0.030375978
2012/10/24,-0.034168661,-0.007535171
2012/10/25,0.003648796,-0.002622224
2012/10/26,-0.005090834,-0.014784665
2012/10/31,0.027430656,0.095426581
2012/11/1,0.039602218,0.006951558
2012/11/2,-0.011181379,0.004383057
2012/11/5,0.089285066,-0.008581723
2012/11/6,-0.011109524,0.024239867
2012/11/7,0.012520044,-0.044265574
2012/11/8,-0.007295486,-0.012456449
2012/11/9,-0.031619341,0.012981619
2012/11/12,0.024736189,0.008782265
2012/11/13,0.017510488,-0.017416762
2012/11/14,-0.007401784,-0.026224289
2012/11/15,-0.017844168,-0.011932674
2012/11/16,0.033095339,-0.001191895
2012/11/19,0.033919545,0.045182594
2012/11/20,0.002428611,-0.013179434
2012/11/21,-0.016059091,0
2012/11/23,-0.010472728,0.024666378
2012/11/26,0.004355742,0.000871336
2012/11/27,-0.00371863,-0.008664565
2012/11/28,0.032972057,0.010756488
2012/11/29,0.014453478,0.031992885
2012/11/30,0.003860196,-0.008040451
2012/12/3,0.023653129,-0.014343038
2012/12/4,-0.020797227,-0.003958933
2012/12/5,-0.005606195,-0.016041905
2012/12/6,0.005637801,-0.017234029
2012/12/7,0.007964602,0.025328375
2012/12/10,0.011707638,0.003544434
2012/12/11,0.020536563,0.006760508
2012/12/12,-0.000565476,0.007011291
2012/12/13,-0.046795169,-0.019888438
2012/12/14,0.005949113,-0.020447231
2012/12/17,0.01744898,0.009887707
2012/12/18,0.005524717,0.0258214
2012/12/19,0.000576756,0.066234991
2012/12/20,-0.005200817,0.005857713
2012/12/21,-0.012486222,-0.0006608
2012/12/24,0.008232341,0.012311381
2012/12/26,-0.020128384,-0.00131109
2012/12/27,0.002978569,0.01222938
2012/12/28,-0.013949243,-0.003890852
2012/12/31,0.019564992,0.035215113
2013/1/2,0.043990257,0.010413427
2013/1/3,-0.01668413,0.02367281
2013/1/4,-0.010642796,0.001211619
2013/1/7,-0.001744189,-0.006586193
2013/1/8,-0.019219597,-0.009727882
2013/1/9,-0.001184681,0.020306208
2013/1/10,-0.003272885,0.015716956
2013/1/11,-0.01848944,-0.002591769
2013/1/14,0.010633546,-0.001065943
2013/1/15,0.019243865,0.009042328
2013/1/16,0.00589823,-0.042194541
2013/1/17,0.008212622,0.006092532
2013/1/18,0.004070681,-0.00714865
2013/1/22,0.019410515,-0.022053144
2013/1/23,0.023017903,-0.002260492
2013/1/24,0.0275,0.007429211
2013/1/25,-0.000271695,0.010025244
2013/1/28,0.028393765,-0.008190968
2013/1/29,-0.00210229,-0.013239928
2013/1/30,-0.011332016,-0.017917512
2013/1/31,-0.00026386,0.005461227
2013/2/1,0.021058356,0.002720409
2013/2/4,-0.014620124,-0.007437757
2013/2/5,0.010333863,0.022582745
2013/2/6,0.0272738,-0.002309322
2013/2/7,0.007915507,-0.001904588
2013/2/8,-0.006079027,0.003451235
2013/2/11,-0.020898318,-0.00126474
2013/2/12,-0.013793615,0.000628616
2013/2/13,0.014778306,0.004169929
2013/2/14,-0.003901175,-0.032087549
2013/2/15,-0.032898215,0.000421534
2013/2/19,0.060477943,-0.002935448
2013/2/20,-0.018841626,-0.020942015
2013/2/21,-0.087699906,-0.021725681
2013/2/22,0.027017918,0.022551341
2013/2/25,-0.047907848,-0.028737313
2013/2/26,0.00145288,0.019024113
2013/2/27,0.019461254,0.021265362
2013/2/28,-0.007692308,-0.009163825
2013/3/1,-0.005167959,0.002240339
2013/3/4,0.026839827,-0.004327371
2013/3/5,0.030071669,0.01800354
2013/3/6,0.028379302,0.011964451
2013/3/7,0.014327389,-0.001066351
2013/3/8,0.006277784,0.004409804
2013/3/11,0.016376376,0.010906492
2013/3/12,0.00051023,0.002194493
2013/3/13,-0.003577454,-0.010673581
2013/3/14,-0.054643337,0.00322273
2013/3/15,-0.042333728,0.001836963
2013/3/18,-0.003969958,-0.006145766
2013/3/19,-0.001988623,0.002308484
2013/3/20,0.024800421,0.039135341
2013/3/21,0.001668982,-0.019493871
2013/3/22,0.016936938,-0.014416312
2013/3/25,0.024851208,-0.002155391
2013/3/26,0.008792966,-0.000323084
2013/3/27,0.00792393,-0.003305755
2013/3/28,-0.007075472,-0.00844003
2013/4/1,0.159410135,-0.000742803
2013/4/2,0.009331881,0.004605063
2013/4/3,-0.073071719,-0.004583954
2013/4/4,0.022142336,-0.002141238
2013/4/5,-0.01523564,-0.007885231
2013/4/8,0.011120377,0.002540684
2013/4/9,-0.031796519,-0.002251616
2013/4/10,0.033581481,0.030602321
2013/4/11,0.041326993,0.047559277
2013/4/12,0.003671714,-0.003393418
2013/4/15,-0.010285703,-0.023940115
2013/4/16,0.052884465,0.019379984
2013/4/17,-0.003069756,-0.006848741
2013/4/18,0.033442244,-0.009946537
2013/4/19,0.018311708,0.005938178
2013/4/22,0.049340321,0.00341971
2013/4/23,0.016338912,0.020563862
2013/4/24,-0.011371289,0.019984065
2013/4/25,0.031133254,0.008584002
2013/4/26,-0.015386524,-0.006784209
2013/4/29,0.073048899,0.009502261
2013/4/30,-0.017293395,0.001553326
2013/5/1,-0.01314967,-0.021308249
2013/5/2,0.01557714,0.032404198
2013/5/3,0.008133439,0.030231743
2013/5/6,0.090742355,-0.008745081
2013/5/7,-0.067058767,-0.005330099
2013/5/8,0.00504233,0.013530105
2013/5/9,0.24395254,-0.013349485
2013/5/10,0.106050356,-0.007317344
2013/5/13,0.143825002,-0.013298917
2013/5/14,-0.051936248,0.017695591
2013/5/15,0.01922214,0.024069535
2013/5/16,0.087340877,0.002526167
2013/5/17,-0.008130081,0.031754311
2013/5/20,-0.01704918,0.008438983
2013/5/21,-0.026129086,-0.00894682
2013/5/22,-0.003995321,-0.004996303
2013/5/23,0.062929849,-0.011638366
2013/5/24,0.046910385,0.000708266
2013/5/28,0.136484858,0.033102816
2013/5/29,-0.051663216,0.002778618
2013/5/30,0.003059353,0.017289614
2013/5/31,-0.068509734,-0.021700552
2013/6/3,-0.05288362,0.015577961
2013/6/4,0.024300667,0.015826143
2013/6/5,0.005587829,-0.026977093
2013/6/6,0.020761246,0.012439398
2013/6/7,0.048177196,0.017052508
2013/6/10,-0.019502636,-0.008273846
2013/6/11,-0.055772114,-0.023315151
2013/6/12,0.03450778,-0.014069455
2013/6/13,0.004604525,0.031291159
2013/6/14,0.021594022,-0.006080401
2013/6/17,0.018942164,-0.016298436
2013/6/18,0.01164482,0.008322769
2013/6/19,0.012477023,-0.010386375
2013/6/20,-0.03849874,-0.032632998
2013/6/21,-0.010928465,-0.010729682
2013/6/24,0.019487183,-0.024544853
2013/6/25,0.008966893,0.012769443
2013/6/26,0.032421371,0.022888791
2013/6/27,0.033389614,0.016934196
2013/6/28,-0.017299779,0.006333413
2013/7/1,0.091468467,0.020737903
2013/7/2,0.00546211,0.002897454
2013/7/3,-0.021897801,0.001173928
2013/7/5,0.042085629,0.015502046
2013/7/8,0.012656757,-0.000787263
2013/7/9,0.015130752,0.008028904
2013/7/10,-0.009558931,0.011712949
2013/7/11,0.027317015,0.023036965
2013/7/12,0.034153332,0.00715606
2013/7/15,-0.020323326,0.002806381
2013/7/16,-0.143092881,-0.008858443
2013/7/17,0.10270564,0.005007652
2013/7/18,-0.010146358,0.013200223
2013/7/19,0.005461651,-0.006216023
2013/7/22,0.022977514,0.004029123
2013/7/23,0.002532468,-0.004012955
2013/7/24,-0.008474007,0.014419647
2013/7/25,0.019474125,-0.001602738
2013/7/26,0.04287944,-0.011061924
2013/7/29,0.040420821,-0.007836341
2013/7/30,-0.021393544,0.003307899
2013/7/31,0.019280014,-0.017332355
2013/8/1,0.009458222,0.016703262
2013/8/2,0.018074136,0.013232171
2013/8/5,0.048405435,-0.005497385
2013/8/6,-0.017486182,-0.021474497
2013/8/7,-0.055715774,-0.01338721
2013/8/8,0.143410138,0.014990219
2013/8/9,-0.003127443,0.000288736
2013/8/12,-0.036732353,-0.00111492
2013/8/13,-0.013231108,-0.003883095
2013/8/14,-0.04173762,-0.007437465
2013/8/15,0.002223736,-0.028803683
2013/8/16,0.016682901,-0.004980608
2013/8/19,0.020422176,0.003236209
2013/8/20,0.032298137,0.008705057
2013/8/21,-0.011499198,-0.007479275
2013/8/22,0.062488524,0.013377448
2013/8/23,0.030171961,0.001961185
2013/8/26,0.014709017,-0.003988834
2013/8/27,0.016989404,-0.035194676
2013/8/28,-0.003350099,0.006874443
2013/8/29,-0.002343039,0.015632004
2013/8/30,0.017704391,-0.010811708
2013/9/3,-0.000355029,0.001746645
2013/9/4,0.00994433,0.05010374
2013/9/5,-0.004044063,0.013384765
2013/9/6,-0.017424771,-0.004947626
2013/9/9,-0.037551768,0.009164285
2013/9/10,0.035283246,0.014150641
2013/9/11,-0.017130544,-0.01748716
2013/9/12,0.008622825,0.000572066
2013/9/13,0.003701582,-0.008647552
2013/9/16,0.006279449,0.004520092
2013/9/17,-0.002098097,0.013614083
2013/9/18,-6.32E-05,0.023679888
2013/9/19,0.070388853,-0.009295731
2013/9/20,0.030747051,-0.010838566
2013/9/23,-0.012432521,0.008183589
2013/9/24,0.006733477,0.008362182
2013/9/25,0.015960116,-0.006945987
2013/9/26,0.018357316,-0.006159138
2013/9/27,0.011983142,-0.015718371
2013/9/30,0.012933439,-0.011063149
2013/10/1,-0.001908264,-0.001582644
2013/10/2,-0.062440253,0.000752767
2013/10/3,-0.042218962,-0.018070895
2013/10/4,0.044253073,0.011549581
2013/10/7,0.011553795,-0.014497872
2013/10/8,-0.04555622,-0.027582487
2013/10/9,-0.034055302,-0.001401906
2013/10/10,0.024591184,0.020148834
2013/10/11,0.033360223,0.014369359
2013/10/14,0.005707906,-0.00062134
2013/10/15,0.0234866,-0.017728383
2013/10/16,-0.002071322,0.012344338
2013/10/17,-0.004134899,0.015171975
2013/10/18,0.003282267,0.006384793
2013/10/21,-0.058887517,-0.010921442
2013/10/22,-0.006144246,-0.002588435
2013/10/23,-0.041037076,-0.010013545
2013/10/24,0.052577348,0.016462553
2013/10/25,-0.020150217,-0.001200104
2013/10/28,-0.040085936,0.006000424
2013/10/29,0.009891962,0.007155382
2013/10/30,-0.031920618,0.032617472
2013/10/31,0.004522031,-0.007539872
2013/11/1,0.013936433,0.011800209
2013/11/4,0.080351114,0.002214327
2013/11/5,0.009186644,-0.010186987
2013/11/6,-0.14507139,-0.013393045
2013/11/7,-0.075347563,-0.018316462
2013/11/8,-0.013021035,0.020496178
2013/11/11,0.048930754,0.000595622
2013/11/12,-0.047684849,-0.000595268
2013/11/13,0.006531202,0.048702749
2013/11/14,-0.007931504,0.001413141
2013/11/15,-0.015624642,0.00702535
2013/11/18,-0.102399779,-0.005139225
2013/11/19,0.037095343,-0.01442238
2013/11/20,-0.039495598,-0.008479183
2013/11/21,0.008174387,0.011399961
2013/11/22,-0.005896806,-0.012867064
2013/11/25,-0.004448838,-0.002162102
2013/11/26,-0.002814052,0.003236336
2013/11/27,0.053444835,0.031358464
2013/11/29,0.002677642,-0.003097705
2013/12/2,-0.024433935,0.00975487
2013/12/3,0.165338246,-0.024844473
2013/12/4,-0.039738065,0.01506291
2013/12/5,0.011011159,0.00975975
2013/12/6,-0.022209575,0.027639703
2013/12/9,0.030868168,0.018131463
2013/12/10,0.004166314,-0.012272785
2013/12/11,-0.017863077,-0.005797605
2013/12/12,0.055996778,-0.002770083
2013/12/13,0.001220588,-0.000259605
2013/12/16,0.001964782,0.034864321
2013/12/17,0.030552579,0.002217545
2013/12/18,-0.029385085,-0.006262362
2013/12/19,-0.0490607,-0.023453124
2013/12/20,0.017907909,0.017114938
2013/12/23,0.00216455,0.007260921
2013/12/24,0.054754441,-0.009843331
2013/12/26,0.027016049,0.015606422
2013/12/27,-0.028167112,-0.01393293
2013/12/30,0.008734751,-0.006190319
2013/12/31,-0.013185472,0.004513541
2014/1/2,-0.002193704,0.001962025
2014/1/3,-0.003600588,-0.033647743
2014/1/6,-0.017117205,0.020795702
2014/1/7,0.016054082,-0.004838845
2014/1/8,0.012851839,0.005470169
2014/1/9,-0.024785579,0.00172987
2014/1/10,-0.012268017,-0.0113756
2014/1/13,-0.043783268,-0.011149351
2014/1/14,0.157381641,0.010979558
2014/1/15,0.01773739,-0.015936475
2014/1/16,0.041674283,-0.00965997
2014/1/17,-0.00561502,-0.010250736
2014/1/21,0.039235927,-0.006771044
2014/1/22,0.010637846,0.011980108
2014/1/23,0.016465054,-0.009734593
2014/1/24,-0.038016529,-0.04142184
2014/1/27,-0.028522337,-0.001898564
2014/1/28,0.051644853,0.001371829
2014/1/29,-0.01765893,-0.012477844
2014/1/30,0.043425783,0.013490032
2014/1/31,-0.007818332,-0.020683621
2014/2/3,-0.02370597,-0.022954056
2014/2/4,0.009146884,0.016075155
2014/2/5,-0.024111856,-0.016143781
2014/2/6,0.022703818,-0.000258172
2014/2/7,0.045686176,0.024934795
2014/2/10,0.053774336,-0.033535378
2014/2/11,0.00030525,0.010118841
2014/2/12,-0.006614281,0.008845022
2014/2/13,0.022071529,-0.010222019
2014/2/14,-0.007017966,0.021282881
2014/2/18,0.027596801,0.01000752
2014/2/19,-0.049388807,-0.007592354
2014/2/20,0.08433455,0.013356707
2014/2/21,-0.001764538,0.004855095
2014/2/24,0.038408966,-0.00391065
2014/2/25,0.139441764,-0.012183413
2014/2/26,0.020165363,0.020145729
2014/2/27,-0.001820155,-0.001651539
2014/2/28,-0.030607033,-0.015446936
2014/3/3,0.023485512,0.000247726
2014/3/4,0.017079741,0.019866979
2014/3/5,-0.008552442,0.015974632
2014/3/6,0.001110188,0.000554253
2014/3/7,-0.026609025,0.004029955
2014/3/10,-0.029931766,-0.015962014
2014/3/11,-0.01855213,-0.051487182
2014/3/12,0.030203554,-0.009084561
2014/3/13,-0.015317436,-0.022082619
2014/3/14,-0.028682811,0.008844935
2014/3/17,0.01303416,0.015871996
2014/3/18,0.025899594,0.015553332
2014/3/19,-0.017497047,-0.007366354
2014/3/20,-0.003943343,0.010140708
2014/3/21,-0.025631038,-0.007200395
2014/3/24,-0.038094801,0.003734858
2014/3/25,0.001226325,-0.017919268
2014/3/26,-0.033934404,-0.008436267
2014/3/27,-0.026483909,0.008508043
2014/3/28,0.02436095,0.00635333
2014/3/31,-0.018455997,-0.00889489
2014/4/1,0.040873013,-0.002350343
2014/4/2,0.061390834,0.015613335
2014/4/3,-0.02123405,0.016211784
2014/4/4,-0.058429329,-0.017835983
2014/4/7,-0.022192852,-0.02015462
2014/4/8,0.038258871,0.012411006
2014/4/9,0.006822612,-0.026368117
2014/4/10,-0.058726317,-0.00953702
2014/4/11,-0.002012826,-0.041130548
2014/4/14,-0.027919884,0.019357546
2014/4/15,-0.021104044,0.024899074
2014/4/16,0.026819212,0.018266004
2014/4/17,-0.004972126,0.000295812
2014/4/21,0.031594488,0
2014/4/22,0.06977461,0.007362782
2014/4/23,-0.048710209,0.004757227
2014/4/24,-0.000627434,-0.006450284
2014/4/25,-0.038535645,-0.013210528
2014/4/28,-0.006702544,0.001291363
2014/4/29,0.042368143,0.006761372
2014/4/30,0.004682958,0.014341536
2014/5/1,-0.000764829,0.012236907
2014/5/2,0.015308296,0.002092961
2014/5/5,0.027025682,-0.006343126
2014/5/6,-0.043072704,0
2014/5/7,-0.028613401,0.009226959
2014/5/8,-0.113034798,-0.006292196
2014/5/9,0.020552663,-0.017846516
2014/5/12,0.013217346,0.017275057
2014/5/13,0.029728786,0.009500871
2014/5/14,0.002421651,-0.005984776
2014/5/15,-0.010646837,-0.016624512
2014/5/16,0.015748407,-0.010528013
2014/5/19,0.023647881,0.007358597
2014/5/20,-0.004031302,-0.034451629
2014/5/21,0.02125192,0.011827404
2014/5/22,0.0272248,-0.001189706
2014/5/23,0.011809323,0.006294836
2014/5/27,0.020549928,0.009228047
2014/5/28,-0.006239365,0.019084419
2014/5/29,0,-0.003970368
2014/5/30,-0.011750856,0.003761831
2014/6/2,-0.014771177,0.008121328
2014/6/3,0.001172445,0.011551722
2014/6/4,-0.004640371,0.035676841
2014/6/5,0.01426544,-0.006811263
2014/6/6,0.006140662,0.01608481
2014/6/9,-0.013741173,-0.001391127
2014/6/10,-0.014655922,-0.002719626
2014/6/11,0.010721674,-0.007721357
2014/6/12,-0.004643724,-0.016581542
2014/6/13,0.014246757,0.003078738
2014/6/16,0.088123942,0.012062017
2014/6/17,0.031434486,0.008219489
2014/6/18,-0.019644279,-0.001574272
2014/6/19,0.00295219,0.001858317
2014/6/20,0.007902015,-0.004022399
2014/6/23,0.033235333,0.012394581
2014/6/24,-0.019899208,-0.00239352
2014/6/25,0.018883871,0.013941566
2014/6/26,-0.005445554,-0.005211311
2014/6/27,0.014681633,-0.007582656
2014/6/30,0.004185151,-0.008718648
2014/7/1,-0.001418395,0.035529761
2014/7/2,-0.042925169,0.003956183
2014/7/3,-0.000784555,0
2014/7/7,-0.028743792,-0.007887957
2014/7/8,-0.016120992,0.003739887
2014/7/9,0.018213315,0.010423147
2014/7/10,-0.016139119,-0.005894643
2014/7/11,-0.006062594,0.005354236
2014/7/14,0.039286205,-0.006598238
2014/7/15,-0.031402804,-0.003171924
2014/7/16,-0.011025569,-0.002638083
2014/7/17,-0.00810234,-0.010147353
2014/7/18,0.021448468,0.008261019
2014/7/21,0.002365694,0.000611341
2014/7/22,-0.004352942,0.008802709
2014/7/23,0.013252543,-0.009331533
2014/7/24,0.004719303,-0.04457324
2014/7/25,0.000134204,-0.018681099
2014/7/28,0.005588841,-0.004968636
2014/7/29,0.000847345,-0.012831402
2014/7/30,0.017372523,-0.00416832
2014/7/31,-0.024545746,-0.014203308
2014/8/1,0.044643877,-0.011280056
2014/8/4,0.022506157,0.005096875
2014/8/5,-0.000125776,-0.007378461
2014/8/6,0.043775512,0.001183355
2014/8/7,0.013901526,-0.00872123
2014/8/8,-0.01687864,0.012749324
2014/8/11,0.045097328,0.008008992
2014/8/12,0.002469921,-0.002978564
2014/8/13,0.001344435,0.007438327
2014/8/14,0.004108563,0
2014/8/15,0.002410288,-0.003258935
2014/8/18,-0.007900477,0.016574481
2014/8/19,-0.012233616,0.004991551
2014/8/20,-0.00408943,-0.001212126
2014/8/21,-0.005355687,0.002023895
2014/8/22,0.009595423,-0.010327969
2014/8/25,0.022466659,0.012551255
2014/8/26,-0.003085133,0.005173462
2014/8/27,0.005771005,-0.004087408
2014/8/28,0.002319088,-0.000769304
2014/8/29,0.022131012,0.003447958
2014/9/2,0.053464961,0
2014/9/3,-0.010310802,-0.009574121
2014/9/4,0.017246346,0.004685073
2014/9/5,-0.030237083,-0.001468326
2014/9/8,0.017012118,-0.030311203
2014/9/9,-0.012867344,-0.005117068
2014/9/10,0.009410028,0.006671467
2014/9/11,-0.002812166,0.009583267
2014/9/12,-0.003959909,-0.010129139
2014/9/15,-0.090757684,0.010910406
2014/9/16,0.027103522,0.002251921
2014/9/17,0.002450712,0.004226956
2014/9/18,0.009336999,0.00528671
2014/9/19,-0.017057084,-0.002590375
2014/9/22,-0.035822536,-0.014746764
2014/9/23,0.001517815,-0.00659751
2014/9/24,0.006906673,0.012901406
2014/9/25,-0.020583843,-0.023080311
2014/9/26,-0.001415269,0.009054167
2014/9/29,-0.005431873,-0.028625539
2014/9/30,-0.010519427,-0.008687039
2014/10/1,-0.010056432,0.017213076
2014/10/2,0.046534715,0.021303302
2014/10/3,0.015076396,0.017439064
2014/10/6,0.021200188,-0.000300112
2014/10/7,-0.004028847,-0.05868579
2014/10/8,-0.001121083,0.012860378
2014/10/9,-0.008753102,-0.035698261
2014/10/10,-0.078207074,-0.023807775
2014/10/13,-0.05200076,-0.016523742
2014/10/14,0.010993341,0.010704918
2014/10/15,0.011626908,-0.013939774
2014/10/16,-0.014582095,0.008403612
2014/10/17,0.00499006,0.010025678
2014/10/20,0.013148438,0.003375732
2014/10/21,0.021126348,0.01645455
2014/10/22,-0.018012276,0.015165639
2014/10/23,0.018128477,-0.01203864
2014/10/24,-0.000210379,-0.02885828
2014/10/27,-0.057687771,0.001429294
2014/10/28,0.095188794,0.036169738
2014/10/29,-0.019240394,-0.014440697
2014/10/30,0.002356158,0.001929451
2014/10/31,0.012733569,0.020195536
2014/11/3,0.003686396,-0.00702612
2014/11/4,-0.015087153,-0.011527682
2014/11/5,-0.03331722,-0.002864164
2014/11/6,0.044375893,0.020716655
2014/11/7,-0.004228514,0.007033212
2014/11/10,0.00720651,-0.014882289
2014/11/11,0.037820779,0.007451814
2014/11/12,-0.007885917,0.00216932
2014/11/13,0.010435547,0.007344405
2014/11/14,0.02772944,0.004345704
2014/11/17,-0.018167269,0.016339427
2014/11/18,0.014646823,-0.001093736
2014/11/19,-0.038649593,-0.00379106
2014/11/20,0.003917413,-0.000701218
2014/11/21,-0.023847003,0
2014/11/24,0.016230777,0.001998691
2014/11/25,0.005550827,0.001176364
2014/11/26,0.001414812,-0.004927851
2014/11/28,-0.015782451,0.042378504
2014/12/1,-0.052670646,-0.014669501
2014/12/2,-0.000906577,0.009797099
2014/12/3,-0.009203627,0.011369824
2014/12/4,-0.004448311,-0.016302036
2014/12/5,-0.020021421,0.025374979
2014/12/8,-0.041792946,-0.028240722
2014/12/9,0.011797883,0.003940925
2014/12/10,-0.032505031,-0.02563406
2014/12/11,-0.004574925,0.00691873
2014/12/12,-0.008998011,-0.019252592
2014/12/15,-0.014297101,-0.018012215
2014/12/16,-0.030538055,-0.008786635
2014/12/17,0.040493505,0.013701204
2014/12/18,0.060446168,0.019218215
2014/12/19,0.00471455,0.033417814
2014/12/22,0.015096482,0.012755815
2014/12/23,-0.007324798,0.010003589
2014/12/24,0.00583791,-0.003867546
2014/12/26,0.025018053,0.008929141
2014/12/29,-0.009263893,0.025750194
2014/12/30,-0.015418048,0.014229943
2014/12/31,0.000809973,-0.005158512
2015/1/2,-0.013933757,-0.001970543
2015/1/5,-0.042043131,-0.014671336
2015/1/6,0.005661859,0.015182319
2015/1/7,-0.001561912,0.028397712
2015/1/8,-0.001564355,0.010111659
2015/1/9,-0.018801678,-0.016917534
2015/1/12,-0.021528166,0.007025959
2015/1/13,0.010088497,-0.01642663
2015/1/14,-0.056599617,-0.026974382
2015/1/15,-0.004258135,-0.02535435
2015/1/16,0.006254251,0.007509791
2015/1/20,-0.005904609,0.00738673
2015/1/21,0.024180754,-0.001217162
2015/1/22,0.025685441,-0.002063177
2015/1/23,-0.001636746,-0.002071154
2015/1/26,0.026134001,-0.001480341
2015/1/27,-0.002759622,-0.008306669
2015/1/28,-0.032092922,-0.01731592
2015/1/29,0.029244694,0.009785222
2015/1/30,-0.007799708,-0.016397973
2015/2/2,0.036056081,0.014981893
2015/2/3,0.035171055,0.026347918
2015/2/4,0.000872415,0.054427775
2015/2/5,0.011166781,0.011684453
2015/2/6,-0.016426045,-0.00686044
2015/2/9,0.000552078,0
2015/2/10,-0.005476353,0.042315257
2015/2/11,-0.016131158,0.003930936
2015/2/12,-0.046621131,0.009353985
2015/2/13,0.004391769,-0.010548279
2015/2/17,0.002841432,-0.010166901
2015/2/18,0.000543187,-0.001341644
2015/2/19,0.035456726,0.008668267
2015/2/20,0.025506589,0.003634283
2015/2/23,-0.044997927,0.001093672
2015/2/24,-0.015583063,0.001592086
2015/2/25,-0.001712316,0.002946331
2015/2/26,0.016835984,-0.007921114
2015/2/27,-0.018584346,-0.006620768
2015/3/2,-0.029603128,0.008037574
2015/3/3,0.011349556,0.005049763
2015/3/4,0.014379134,-0.006116939
2015/3/5,-0.008891985,0.001099272
2015/3/6,-0.033644105,-0.020536149
2015/3/9,-0.015473529,0.030668052
2015/3/10,-0.002931169,-0.002929265
2015/3/11,0.017969735,0.006107852
2015/3/12,-0.026114896,0.017226889
2015/3/13,0,-0.009839688
2015/3/16,0.037205753,0.01390984
2015/3/17,-0.004959108,-0.007487204
2015/3/18,0.030711755,0.005501688
2015/3/19,-0.025215422,0.003899959
2015/3/20,0.01242017,0.005579178
2015/3/23,0.007830189,-0.007175531
2015/3/24,0.010466837,-0.019210666
2015/3/25,-0.036786139,-0.012346288
2015/3/26,-0.020072105,-0.000826047
2015/3/27,-0.028361419,-0.001030079
2015/3/30,0.030113595,0.009834217
2015/3/31,-0.009445323,-0.004705649
2015/4/1,-0.006253625,-0.020292771
2015/4/2,0.018175276,-0.006479621
2015/4/6,0.063353569,0.004345646
2015/4/7,0.000738552,-0.025390486
2015/4/8,0.021749077,0.01068423
2015/4/9,0.011650668,0.00490982
2015/4/10,0.003855491,0.007754199
2015/4/13,-0.005312945,-0.004643958
2015/4/14,-0.011054464,0.002213093
2015/4/15,0.001778652,0.012570052
2015/4/16,-0.005434743,0.003829028
2015/4/17,0.000435414,-0.011899925
2015/4/20,-0.007348034,0.012919976
2015/4/21,0.020168509,0.001268137
2015/4/22,0.047891581,0
2015/4/23,-0.003827934,-0.033288323
2015/4/24,-0.000775391,-0.009212597
2015/4/27,0.060067298,0.005327783
2015/4/28,-0.004625341,-0.001764196
2015/4/29,0.008551737,-0.00579693
2015/4/30,-0.027534895,-0.012667726
2015/5/1,-8.63E-05,0.010284091
2015/5/4,0.01981591,-0.000594033
2015/5/5,0.010587416,-0.011131549
2015/5/6,-0.010817772,-0.006764783
2015/5/7,0.02764614,0.003136862
2015/5/8,-0.000804475,0.012615301
2015/5/11,0.012171928,-0.002876582
2015/5/12,0.021921583,-0.013551161
2015/5/13,-0.006374111,0.001709549
2015/5/14,0.00378115,-0.004343502
2015/5/15,0.019418311,0.007546248
2015/5/18,-0.000361679,0.004051586
2015/5/19,-0.006470365,0.001946576
2015/5/20,-0.011289148,-0.002861012
2015/5/21,0.005199509,0.015999374
2015/5/22,0.008586417,0.003376948
2015/5/26,-0.001089898,-0.004997803
2015/5/27,-0.000121232,0.008128485
2015/5/28,0.016247052,0.016198907
2015/5/29,-0.002583024,-0.01161251
2015/6/1,-0.005382775,0.005787931
2015/6/2,-0.004407697,0.001266568
2015/6/3,0.002572976,-0.00783385
2015/6/4,-0.012325821,-0.011072693
2015/6/5,0.013089596,-0.011820265
2015/6/8,0.028700788,0.0065977
2015/6/9,-0.00112958,0.007748416
2015/6/10,-0.020706991,0.009289516
2015/6/11,0.002836065,-0.001000738
2015/6/12,-0.002863842,0.004384779
2015/6/15,-0.001238579,-0.006974666
2015/6/16,0.010945363,0.004219057
2015/6/17,0.028800512,0.005547557
2015/6/18,0.005679494,0.011033904
2015/6/19,0.002371229,-0.002512212
2015/6/22,-0.0103653,0.0022114
2015/6/23,0.030336099,0.002982889
2015/6/24,-0.009341709,-0.03136299
2015/6/25,0.013649734,-0.013048827
2015/6/26,-0.006322792,-0.009190667
2015/6/29,-0.018982365,-0.033472878
2015/6/30,0.023814976,0.003025999
2015/7/1,0.003315813,-0.008754839
2015/7/2,0.040388334,0.005788647
2015/7/6,-0.001071352,-0.017421745
2015/7/7,-0.042326255,0.006310267
2015/7/8,-0.048234194,-0.050814403
2015/7/9,0.011613609,-0.005666013
2015/7/10,0.004768911,0.012541029
2015/7/13,0.011611014,0.008908599
2015/7/14,0.013314414,0.00290571
2015/7/15,-0.00944664,-0.010813452
2015/7/16,0.013452889,-0.026031313
2015/7/17,0.029923448,0.001199678
2015/7/20,0.027666883,-0.004801004
2015/7/21,-0.054875035,-0.00357974
2015/7/22,0.00412152,-0.002992482
2015/7/23,-0.00250308,0.039677892
2015/7/24,-0.006697243,-0.014059053
2015/7/27,-0.046722053,-0.000353116
2015/7/28,0.046682042,0.008771477
2015/7/29,-0.003778031,0.020093405
2015/7/30,0.011257676,-0.00130366
2015/7/31,-0.002400765,-0.01245887
2015/8/3,-0.023141129,0.005373358
2015/8/4,0.024191269,-0.005111249
2015/8/5,0.014460342,0.002607852
2015/8/6,-0.088845947,0.00822827
2015/8/7,-0.014711708,-0.003809811
2015/8/10,-0.005647201,0.006301493
2015/8/11,-0.015631998,-0.034759492
2015/8/12,0.003368152,0.00135107
2015/8/13,0.018220179,0.006115524
2015/8/14,0.002641134,0.013866736
2015/8/17,0.048692165,0.003780274
2015/8/18,0.022471514,0.003181249
2015/8/19,-0.020976567,-0.002553251
2015/8/20,-0.051208519,-0.024982272
2015/8/21,-0.047109685,-0.040135864
2015/8/24,-0.051570716,-0.060839446
2015/8/25,0.005304531,-0.018666442
2015/8/26,0.021856061,0.030038712
2015/8/27,0.08072425,0.017111708
2015/8/28,0.022593569,0.014685275
2015/8/31,0.002336209,0.01509737
2015/9/1,-0.041875452,-0.027213134
2015/9/2,0.037966647,0.020009381
2015/9/3,-0.008563106,-0.003404474
2015/9/4,-0.014818616,-0.007962444
2015/9/8,0.025792531,0.034661387
2015/9/9,0.002979806,-0.008747257
2015/9/10,-0.001729541,0.025266793
2015/9/11,0.007087104,0.005048128
2015/9/14,0.011784663,0.018936335
2015/9/15,0.001504802,0.008717636
2015/9/16,0.034227168,0.006803843
2015/9/17,-0.000686369,0.003495985
2015/9/18,-0.005529068,-0.025471441
2015/9/21,0.013732611,0.003614761
2015/9/22,-0.012337268,-0.019312648
2015/9/23,0.000459876,-0.010332932
2015/9/24,0.007888991,-0.009375845
2015/9/25,-0.023601443,-0.001070916
2015/9/28,-0.033005786,-0.028887785
2015/9/29,-0.007167009,0.020706616
2015/9/30,0.007097116,0.029811792
2015/10/1,-0.034299517,0.021556478
2015/10/2,0.03205978,0.034653308
2015/10/5,-0.00573776,0.000916924
2015/10/6,-0.019055454,0.014458035
2015/10/7,-0.039342001,0.025881775
2015/10/8,-0.022587946,0.011402685
2015/10/9,-0.026596624,-0.014391266
2015/10/12,-0.023156864,0.002205728
2015/10/13,0.017026162,0.003303153
2015/10/14,-0.010809553,0.006000323
2015/10/15,0.02042369,-0.000182625
2015/10/16,0.025755727,-0.00516558
2015/10/19,0.004803753,0.002669644
2015/10/20,-0.066069561,0.007255135
2015/10/21,-0.013800873,0.057986612
2015/10/22,0.00776096,0
2015/10/23,-0.012426761,0.014915268
2015/10/26,0.029513677,-0.007754379
2015/10/27,-0.022814218,-0.019633003
2015/10/28,0.012407921,0.007139525
2015/10/29,-0.006240623,-0.01338633
2015/10/30,-0.022213244,0.004603226
2015/11/2,0.03315622,0.018917863
2015/11/3,-0.02544781,0.005893405
2015/11/4,0.111735061,-0.009989351
2015/11/5,0.000602254,0.000549872
2015/11/6,0.002549947,0.008717545
2015/11/9,-0.030256864,-0.002206521
2015/11/10,-0.039189189,-0.00149133
2015/11/11,0.011916887,-0.001937865
2015/11/12,-0.028024073,-0.012889396
2015/11/13,-0.027000564,-0.022275107
2015/11/16,0.034359683,0.025046303
2015/11/17,-0.00144184,0.001204582
2015/11/18,0.03303497,0.035416343
2015/11/19,0.003304383,-0.008741556
2015/11/20,-0.008074824,0.005497337
2015/11/23,-0.010267738,-0.007068606
2015/11/24,0.00229391,0.003792262
2015/11/25,0.052185567,0.003314096
2015/11/27,0.008583018,0.000901163
2015/11/30,-0.005828751,-0.004662418
2015/12/1,0.030096347,0.001671268
2015/12/2,-0.021925414,-0.01464032
2015/12/3,0.003103582,-0.007359079
2015/12/4,-0.010010313,0.022041839
2015/12/7,0.003255484,-0.003344785
2015/12/8,-0.01908013,-0.017979588
2015/12/9,-0.009705783,-0.00078574
2015/12/10,0.011357563,0.005023762
2015/12/11,-0.044259479,-0.030302823
2015/12/14,0.007188278,-0.004559388
2015/12/15,0.011480922,0.004297102
2015/12/16,0.060701662,0.028171149
2015/12/17,-0.004778048,-0.029312053
2015/12/18,-0.012551979,-0.012939132
2015/12/21,0.00911221,0.004772672
2015/12/22,-0.01122291,0.013473768
2015/12/23,-0.001089367,0.01430298
2015/12/24,0.003787557,-0.005102235
2015/12/28,-0.007026081,-0.002600758
2015/12/29,0.035994837,-0.000240857
2015/12/30,0.003794418,-0.004937013
2015/12/31,0.00806416,-0.009361601
2016/1/4,-0.069165724,-0.020628635
2016/1/5,8.73E-05,-0.026390406
2016/1/6,-0.01964378,-0.03571999
2016/1/7,-0.01547659,-0.040922381
2016/1/8,-0.021562667,-0.01539166
2016/1/11,-0.014928875,0.024325471
2016/1/12,0.010197233,0.001744346
2016/1/13,-0.046006572,0.006174091
2016/1/14,0.029302082,-0.006136206
2016/1/15,-0.005769245,-0.024143757
2016/1/19,-0.001317137,-0.005675013
2016/1/20,-0.029403576,0.000692427
2016/1/21,0.006386496,0.004319557
2016/1/22,0.012901968,-0.009168627
2016/1/25,-0.03051106,-0.001559388
2016/1/26,-0.014307212,0.014320153
2016/1/27,-0.028363298,-0.014885837
2016/1/28,0.008669644,-0.00648724
2016/1/29,0.007432769,0.021323935
2016/2/1,0.030500679,0.015899854
2016/2/2,-0.071900254,-0.015250928
2016/2/3,-0.05088098,-0.02467295
2016/2/4,0.010669849,-0.009705624
2016/2/5,-0.072608588,-0.003432364
2016/2/8,-0.089606089,0.004832835
2016/2/9,0.001485509,-0.028185461
2016/2/10,-0.030893434,-0.005766006
2016/2/11,0.047327208,-0.029214597
2016/2/12,0.003788143,0.030093774
2016/2/16,0.027350461,0.03137526
2016/2/17,0.087059074,0.024089631
2016/2/18,-0.011320285,-0.008112647
2016/2/19,-0.001142292,-0.008635464
2016/2/22,0.066995038,0.029543495
2016/2/23,-0.002979079,-0.008497317
2016/2/24,0.010098189,-0.018247427
2016/2/25,0.047095104,0.022867764
2016/2/26,0.015525838,0.004348803
2016/2/29,0.008353495,-0.006354692
2016/3/1,-0.029073175,0.019267831
2016/3/2,0.010681542,0.004712853
2016/3/3,0.03928799,0.030469874
2016/3/4,0.027081912,0.009728351
2016/3/7,0.021137532,0.007034925
2016/3/8,-0.013100979,-0.028926928
2016/3/9,0.03020723,0.00793604
2016/3/10,-0.016960481,0.00919036
2016/3/11,0.011302244,0.014260291
2016/3/14,0.036867559,-0.002504425
2016/3/15,0.014829223,-0.004174346
2016/3/16,0.016439956,0.02063736
2016/3/17,0.020053666,0.008480717
2016/3/18,0.028094355,0
2016/3/21,0.023975251,0.003778459
2016/3/22,-0.017119839,-0.005611123
2016/3/23,-0.049775871,-0.018487301
2016/3/24,0.023223059,-0.011159959
2016/3/28,0.011025271,0.001909805
2016/3/29,-0.000566749,0.005461526
2016/3/30,-0.014078999,-0.006377858
2016/3/31,0.012693376,0.014211951
2016/4/1,0.034031858,-0.030520048
2016/4/4,0.039566142,-0.018733114
2016/4/5,0.034331349,-0.010058649
2016/4/6,0.038951812,0.011479192
2016/4/7,-0.030969725,-0.017365112
2016/4/8,-0.027725452,-0.001730803
2016/4/11,-0.000599833,0.005525489
2016/4/12,-0.008402706,0.006099428
2016/4/13,0.027080193,0.035954255
2016/4/14,-0.010489902,-0.001963566
2016/4/15,0.010517727,-0.005166438
2016/4/18,-0.00247535,0.024533715
2016/4/19,-0.025642086,0.021065991
2016/4/20,0.010514635,0.006892009
2016/4/21,-0.006720793,0.014643215
2016/4/22,0.02199037,-0.014723292
2016/4/25,-0.007607867,-0.007209166
2016/4/26,0.007624494,0.007559423
2016/4/27,-0.008944195,-0.000920283
2016/4/28,-0.01495404,0.0086934
2016/4/29,-0.028054984,-0.019752815
2016/5/2,0.004317569,-0.001526466
2016/5/3,-0.039205955,-0.015853805
2016/5/4,-0.042013171,-0.021074073
2016/5/5,-0.049557534,-0.001664657
2016/5/6,0.016075734,0.013845926
2016/5/9,-0.027964854,-0.00585238
2016/5/10,-0.001098507,0.018545647
2016/5/11,0.001293782,-0.008614441
2016/5/12,-0.00842743,0.00320011
2016/5/13,0.001983596,-0.021192245
2016/5/16,0.003272956,0.005005399
2016/5/17,-0.017427625,-0.001353726
2016/5/18,0.031808854,0.003868592
2016/5/19,0.019129138,-0.013905763
2016/5/20,0.02355844,0.008243742
2016/5/23,-0.01842659,0.000579855
2016/5/24,0.00781147,0.015063591
2016/5/25,0.007668321,0.019372909
2016/5/26,0.02522765,-0.011449449
2016/5/27,-0.009241738,0.003216816
2016/5/31,0.000854109,-0.003471814
2016/6/1,-0.016442682,-0.033884445
2016/6/2,-0.002732744,0.001409371
2016/6/3,0.000137012,-0.021912789
2016/6/6,0.007719548,0.013199463
2016/6/7,0.052834421,0.00794186
2016/6/8,0.013686868,-0.009406338
2016/6/9,-0.026150701,-0.007040295
2016/6/10,-0.046086837,-0.010275206
2016/6/13,-0.00420266,0.000764087
2016/6/14,-0.013404752,-0.008649002
2016/6/15,0.012791347,0.001100236
2016/6/16,0.001061096,0.005552118
2016/6/17,-0.011246705,0.007213524
2016/6/20,0.01958887,0.014400084
2016/6/21,-0.000409649,-0.004774149
2016/6/22,-0.1045032,-0.0064173
2016/6/23,-0.00132716,0.017032342
2016/6/24,-0.016542812,-0.049299742
2016/6/27,0.027957474,-0.029620298
2016/6/28,0.016318267,0.008335718
2016/6/29,0.041478662,0.01551297
2016/6/30,0.010085149,0.004649941
2016/7/1,0.019877049,0.020784299
2016/7/5,-0.01163975,-0.024895287
2016/7/6,0.002152075,0.008219761
2016/7/7,0.006994964,0.011900281
2016/7/8,0.003889969,0.032104841
2016/7/11,0.036901467,0.015774882
2016/7/12,-0.000573896,0.015642972
2016/7/13,-0.009441332,0.00095207
2016/7/14,-0.004489292,0.00416518
2016/7/15,-0.005240813,0.000381943
2016/7/18,0.026682458,0.003230006
2016/7/19,-0.0043757,0.012383689
2016/7/20,0.013764125,0.007676143
2016/7/21,-0.034419338,0.017119238
2016/7/22,0.008027211,0.004089492
2016/7/25,0.034822513,-0.003126769
2016/7/26,-0.002171645,0.002843439
2016/7/27,-0.004444241,-0.004110565
2016/7/28,0.009276097,-0.03218007
2016/7/29,0.018128008,0.017779362
2016/8/1,-0.020360705,-0.007605809
2016/8/2,-0.012214686,-0.043788963
2016/8/3,-0.007130266,0.010358362
2016/8/4,0.02229581,0.003325447
2016/8/5,-0.002517237,0.015147232
2016/8/8,-0.016823929,0.002620367
2016/8/9,0.012913453,0.006136253
2016/8/10,-0.014975118,0.005830375
2016/8/11,-0.003277206,0.015946229
2016/8/12,0.003114579,-0.005638993
2016/8/15,-9.31E-05,0.009187421
2016/8/16,-0.008777004,-0.004734409
2016/8/17,-0.001650198,0.004427205
2016/8/18,0.001209458,-0.009438729
2016/8/19,0.006664116,0.008858422
2016/8/22,-0.0092,0.001325031
2016/8/23,0.008565469,0.000917817
2016/8/24,-0.00987371,-0.003741553
2016/8/25,-0.007452177,-0.007577746
2016/8/26,-0.004392188,-0.000297975
2016/8/29,-0.021771444,0.008826411
2016/8/30,-0.017941408,-0.00437644
2016/8/31,0.00317262,0.007867707
2016/9/1,-0.053014009,-0.003772488
2016/9/2,-0.014897607,0.011400958
2016/9/6,0.025482924,-0.001311344
2016/9/7,-0.005517221,0.004696312
2016/9/8,-0.021522009,-0.005577196
2016/9/9,-0.014638262,-0.038779754
2016/9/12,0.019691933,0.022939082
2016/9/13,-0.011346445,-0.007673463
2016/9/14,0.001836266,-0.007466411
2016/9/15,0.019398198,0.01335919
2016/9/16,0.025869044,-0.004827079
2016/9/19,0.004578882,0.024252466
2016/9/20,-0.008236406,-0.002221433
2016/9/21,0.002829352,0.014495305
2016/9/22,0.005898562,0.008781888
2016/9/23,0.004941142,-0.008347042
2016/9/26,0.007425886,-0.010040045
2016/9/27,-0.015216003,-0.006250137
2016/9/28,0.002230207,0.009470908
2016/9/29,-0.027001084,-0.013115947
2016/9/30,0.016591928,0.009252294
2016/10/3,0.047397442,0.008473245
2016/10/4,-0.010718272,0.004007188
2016/10/5,-0.013956293,0.015914258
2016/10/6,-0.035783929,-0.004667519
2016/10/7,-0.021843284,-0.005792167
2016/10/10,0.022079299,-0.005897704
2016/10/11,-0.004232386,-0.008124504
2016/10/12,0.007046477,-0.006483673
2016/10/13,-0.006304898,-0.005401068
2016/10/14,-0.018622699,0.011516569
2016/10/17,-0.012976406,-0.009826596
2016/10/18,0.026495085,-0.005017233
2016/10/19,0.022405882,0.014281014
2016/10/20,-0.021914861,-0.003119966
2016/10/21,0.004972388,0.009133255
2016/10/24,0.013344029,0.029361893
2016/10/25,-0.00207142,-0.041906599
2016/10/26,-0.000489277,-0.000620862
2016/10/27,0.008751956,-0.007943889
2016/10/28,-0.019807804,-0.000329786
2016/10/31,-0.011199208,0.008966466
2016/11/1,-0.035100895,-0.00376926
2016/11/2,-0.014513377,-0.000988288
2016/11/3,-0.003191141,-0.012088975
2016/11/4,0.016751102,0.002936858
2016/11/7,0.013909005,0.027594917
2016/11/8,0.008951377,-0.009096314
2016/11/9,-0.025030779,-0.024257547
2016/11/10,-0.024781583,0.057149392
2016/11/11,0.01731854,0.039474618
2016/11/14,-0.037706731,-0.021739798
2016/11/15,0.012780345,0.004447374
2016/11/16,0.000873377,-0.005948722
2016/11/17,0.025713587,0.005669909
2016/11/18,-0.019288719,-0.012481285
2016/11/21,-0.001734943,0.000313074
2016/11/22,0.035035287,0.024260902
2016/11/23,0.010302322,0.001435114
2016/11/25,0.018173346,0.011433606
2016/11/28,-0.002692601,-0.00576912
2016/11/29,-0.033400384,0.015239485
2016/11/30,-0.000894129,-0.001138398
2016/12/1,-0.039709504,0.054987763
2016/12/2,-0.002251491,-0.028011115
2016/12/5,0.029368491,-0.002547424
2016/12/6,-0.00508299,0.003796382
2016/12/7,0.039225182,0.03501074
2016/12/8,-0.004403541,0.003306083
2016/12/9,-0.000569454,0.034093382
2016/12/12,0.001303466,-0.014874627
2016/12/13,0.029722419,0.00699554
2016/12/14,0.002725208,-0.037793209
2016/12/15,-0.005586592,0.008075955
2016/12/16,0.024848163,0.003628516
2016/12/19,0.001185247,0.000817806
2016/12/20,0.029892048,0.00568526
2016/12/21,-0.00521578,-0.005122944
2016/12/22,0.003610969,-0.020026551
2016/12/23,0.023458807,0
2016/12/27,0.029009963,-0.004228099
2016/12/28,0.000956591,-0.010970581
2016/12/29,-0.023161516,-0.000323456
2016/12/30,-0.004472397,-0.00852698
2017/1/3,0.015442931,0.008926658
2017/1/4,0.046087377,0.055229376
2017/1/5,-0.001057313,-0.018896316
2017/1/6,0.009962492,-0.010963487
2017/1/9,0.009916619,0.000571162
2017/1/10,-0.006096493,0.037177709
2017/1/11,-0.000613389,0.016037733
2017/1/12,-0.000607236,-0.011566081
2017/1/13,0.035541618,-0.004543409
2017/1/17,-0.009129338,-0.000796573
2017/1/18,0.011804932,0.004287684
2017/1/19,0.02265476,-0.004572802
2017/1/20,0.003975213,-0.00772511
2017/1/23,0.01712503,-0.00969976
2017/1/24,0.022856695,0.009575435
2017/1/25,-0.000547897,0.034543118
2017/1/26,-0.007704233,-0.019892841
2017/1/27,0.001782108,-0.013556572
2017/1/30,-0.009250474,-0.01838176
2017/1/31,0.005225042,0.007618096
2017/2/1,-0.010675606,-0.012805792
2017/2/2,0.009226047,-0.011294013
2017/2/3,-0.000834859,0.016797053
2017/2/6,0.025627712,0.013722056
2017/2/7,-0.001128911,-0.046935855
2017/2/8,0.017867442,0.001076426
2017/2/9,0.027169185,-0.001562245
2017/2/10,0.000111441,0.002507431
2017/2/13,0.042231471,0.009945863
2017/2/14,0.001352457,0.048408685
2017/2/15,-0.004340167,-0.004329632
2017/2/16,-0.038641981,-0.001418514
2017/2/17,0.012197434,0.005185863
2017/2/21,0.018954526,0.015884624
2017/2/22,-0.013989304,0.000783635
2017/2/23,-0.064056159,-0.015557235
2017/2/24,0.003943513,-0.009393681
2017/2/27,-0.041906696,0.010005602
2017/2/28,0.015272337,-0.011530343
2017/3/1,0.000120005,0.015979152
2017/3/2,0.001841853,0.008830415
2017/3/3,0.004347644,0.012442328
2017/3/6,-0.001431016,-0.008372185
2017/3/7,-0.010425561,-0.01028776
2017/3/8,-0.007083939,0.003507752
2017/3/9,-0.007815111,-0.01175229
2017/3/10,-0.004942824,0
2017/3/13,0.010174812,0.001046303
2017/3/14,0.04805835,0.002423405
2017/3/15,-0.008796512,0.003549426
2017/3/16,0.024711562,-0.000269709
2017/3/17,-0.002100744,-0.020267391
2017/3/20,0.001606122,-0.017041223
2017/3/21,-0.04291204,-0.032448143
2017/3/22,0.017275012,-0.004718052
2017/3/23,-0.000905845,-0.003752004
2017/3/24,0.032893149,0.008720178
2017/3/27,0.026829685,0.004421082
2017/3/28,0.026755927,0.024484021
2017/3/29,-0.000254099,-0.000569021
2017/3/30,0.001946788,-0.003665558
2017/3/31,0.001365501,-0.00143823
2017/4/3,0.072655538,-0.033634896
2017/4/4,0.017285303,0.002947595
2017/4/5,-0.028579473,-0.007891332
2017/4/6,0.012538962,0.00469088
2017/4/7,0.01285573,-0.013151677
2017/4/10,0.032559385,0.007718974
2017/4/11,-0.011778546,-0.001465711
2017/4/12,-0.038453503,0.00046918
2017/4/13,0.024124148,-0.016105422
2017/4/17,-0.008422684,0.015286407
2017/4/18,-0.003946059,-0.006210285
2017/4/19,0.017550345,0.002989577
2017/4/20,-0.009853692,0.009177491
2017/4/21,0.010214555,-0.010287455
2017/4/24,0.007951584,0.00472564
2017/4/25,0.018699508,0.002437193
2017/4/26,-0.011534803,0.011417258
2017/4/27,-0.004966631,0.00470845
2017/4/28,0.017627933,0.002882916
2017/5/1,0.027891871,-0.012738937
2017/5/2,-0.012206115,-0.02922025
2017/5/3,-0.024676259,0.008385206
2017/5/4,-0.050032072,-0.009867204
2017/5/5,0.043630345,0.018737676
2017/5/8,-0.003765196,0.005931282
2017/5/9,0.045802347,0.008496441
2017/5/10,0.012326484,-0.000826227
2017/5/11,-0.006517137,-0.003503575
2017/5/12,0.005292479,-0.014366839
2017/5/15,-0.027491457,0.00589001
2017/5/16,0.003575719,-0.011811884
2017/5/17,-0.034730766,-0.029865673
2017/5/18,0.023073529,0.001465623
2017/5/19,-0.007124821,0.007702515
2017/5/22,-0.001544252,0.00612186
2017/5/23,-0.020913485,0.009109651
2017/5/24,0.020930726,-0.000544109
2017/5/25,0.021309105,-0.018098897
2017/5/26,0.026228577,0.014404971
2017/5/30,0.030632958,0.0138601
2017/5/31,0.017636526,0.011982139
2017/6/1,-0.001878244,0.01480871
2017/6/2,-0.001524813,0.000462209
2017/6/5,0.021980253,0.000326697
2017/6/6,0.015776495,-0.000788435
2017/6/7,0.019417517,0.008514558
2017/6/8,0.028777939,-0.006779672
2017/6/9,-0.034272927,0.00682595
2017/6/12,0.00473106,0.009840509
2017/6/13,0.047183922,-0.004937143
2017/6/14,0.012528278,0.002886417
2017/6/15,-0.013973118,-0.000256626
2017/6/16,-0.010498467,-0.008993963
2017/6/19,-0.00430937,0.001796757
2017/6/20,0.006599522,0.001400789
2017/6/21,0.011174242,-0.007811223
2017/6/22,0.016498428,0.001739245
2017/6/23,0.00219545,0.000295947
2017/6/26,-0.015541812,0.009355749
2017/6/27,-0.040054041,-0.0089466
2017/6/28,0.024476364,0.010795374
2017/6/29,-0.028255345,0.008121412
2017/6/30,0.002382536,0.002025284
2017/7/3,-0.025191539,0.018325888
2017/7/5,-0.072085106,-0.015764755
2017/7/6,-0.055824085,-0.003994682
2017/7/7,0.014211679,0.001960215
2017/7/10,0.009036794,0.007143363
2017/7/11,0.035344091,0.006009623
2017/7/12,0.007027371,0.002813779
2017/7/13,-0.018540605,0.01015312
2017/7/14,0.013510693,0.013637603
2017/7/17,-0.025045762,0.000801061
2017/7/18,0.027130164,0.001474133
2017/7/19,-0.009080232,0.001049198
2017/7/20,0.014328537,-0.001627635
2017/7/21,-0.004610202,-0.009346372
2017/7/24,0.042999456,-0.006950462
2017/7/25,-0.008526497,-0.006936336
2017/7/26,0.012513251,0.001384315
2017/7/27,-0.027308459,0.008894079
2017/7/28,0.001825333,-0.004611178
2017/7/31,-0.034618139,0.00585196
2017/8/1,-0.012056741,-0.033904501
2017/8/2,0.019774979,0.001704426
2017/8/3,0.065005063,-0.001414171
2017/8/4,0.028338296,0.014323405
2017/8/7,-0.004875179,0.000860657
2017/8/8,0.028296309,0.002535161
2017/8/9,-0.004628717,-0.003100578
2017/8/10,-0.022364072,-0.011325541
2017/8/11,0.006951332,0.001476229
2017/8/14,0.016568866,0.015442151
2017/8/15,-0.004040687,0.001958758
2017/8/16,0.001602133,0.00588693
2017/8/17,-0.030284368,-0.020941239
2017/8/18,-0.012671932,-0.004927311
2017/8/21,-0.02762908,0.002343508
2017/8/22,0.010331202,0.011161994
2017/8/23,0.033453884,0.005356961
2017/8/24,0.000454971,0.000912357
2017/8/25,-0.013829918,0.002206017
2017/8/28,-0.006865403,-0.002513809
2017/8/29,0.004916681,0.000313435
2017/8/30,0.016754976,0.008412617
2017/8/31,0.007704298,0.020090267
2017/9/1,-0.001407697,0.022485254
2017/9/5,-0.016346393,-0.003535738
2017/9/6,-0.014472668,0.01181352
2017/9/7,0.017645753,-0.010132574
2017/9/8,-0.020565586,0.002433193
2017/9/11,0.059087157,0.009462508
2017/9/12,-0.002585994,0.01444508
2017/9/13,0.009593397,0.008447295
2017/9/14,0.031156693,0.015165725
2017/9/15,0.005747537,0.002315326
2017/9/18,0.013664709,-0.007436583
2017/9/19,-0.025714252,0.002869453
2017/9/20,-0.003175149,0.00460962
2017/9/21,-0.019869781,0.005670466
2017/9/22,-0.041994106,0.008185919
2017/9/25,-0.017375887,0.022317206
2017/9/26,0.000756545,-0.001016249
2017/9/27,-0.012399692,0.00795305
2017/9/28,-0.004016488,0
2017/9/29,0.004182862,-0.004942064
2017/10/2,0.001495511,0.043872632
2017/10/3,0.019351127,0.030833736
2017/10/4,0.019733469,0.007571353
2017/10/5,0.000367596,0.001644741
2017/10/6,0.004772766,0.024633142
2017/10/9,-0.038938165,0.008877264
2017/10/10,0.036885407,-0.002663806
2017/10/11,-0.002784105,0.005782481
2017/10/12,0.003045685,-0.012766291
2017/10/13,-0.000307861,0.022064657
2017/10/16,-0.01398035,-0.002631834
2017/10/17,0.014691978,-0.016151274
2017/10/18,0.010962739,0.002214894
2017/10/19,-0.021800331,0.005085958
2017/10/20,-0.019071374,0.00571545
2017/10/23,-0.023414918,-0.01005561
2017/10/24,0.000948015,0.029418289
2017/10/25,-0.034087322,-0.029224083
2017/10/26,0.001012765,0.002875959
2017/10/27,-0.016252236,-0.013492509
2017/10/30,-0.002458944,-0.028443569
2017/10/31,0.035770689,-0.008965848
2017/11/1,-0.031522034,0.003454106
2017/11/2,-0.067955133,-0.012277411
2017/11/3,0.022821254,-0.006060875
2017/11/6,-0.010815446,-0.00475999
2017/11/7,0.010799939,-0.010437024
2017/11/8,-0.005685355,0.009802509
2017/11/9,-0.004337689,0
2017/11/10,0,0.013077043
2017/11/13,0.040961816,0.021318947
2017/11/14,-0.021244418,-0.013042379
2017/11/15,0.008420797,-0.003271332
2017/11/16,0.003854809,0.017267211
2017/11/17,0.008160013,0.006376141
2017/11/20,-0.020025425,0.022799039
2017/11/21,0.029374183,0.002023508
2017/11/22,-0.016391895,-0.01510112
2017/11/24,0.00943858,0.003804269
2017/11/27,0.003993022,-0.006480795
2017/11/28,0.002523591,0.016979131
2017/11/29,-0.031703977,-0.024735035
2017/11/30,0.004584762,-0.016387487
2017/12/1,-0.007836207,-0.006993747
2017/12/4,-0.004335635,0.006059897
2017/12/5,-0.004914802,-0.005790732
2017/12/6,0.031511308,-0.0151956
2017/12/7,-0.00641618,0.005967138
2017/12/8,0.012433316,0
2017/12/11,0.043696183,-0.008309689
2017/12/12,0.036877414,-0.003371842
2017/12/13,-0.005863129,-0.003120344
2017/12/14,-0.003362534,-0.014241341
2017/12/15,0.016394389,0.003388823
2017/12/18,-0.013452543,0.029574946
2017/12/19,-0.023079341,0.00783729
2017/12/20,-0.006072691,0.000700805
2017/12/21,0.008147912,-0.008471213
2017/12/22,-0.019479257,-0.003332679
2017/12/26,-0.024321956,-0.005225708
2017/12/27,-0.017808601,-0.011741115
2017/12/28,0.01193685,0.00172736
2017/12/29,-0.012714041,-0.009392149
2018/1/2,0.029484456,0.019713035
2018/1/3,-0.010234595,0.02440305
2018/1/4,-0.008288416,0.030842814
2018/1/5,0.006226549,-0.002958269
2018/1/8,0.062638295,0.004788874
2018/1/9,-0.008083898,-0.003848255
2018/1/10,0.003326441,-0.023827169
2018/1/11,0.009408602,0.027676256
2018/1/12,-0.005117621,-0.002732772
2018/1/16,0.011421076,0.002740261
2018/1/17,0.020877167,-0.003628722
2018/1/18,-0.007461977,-0.003862358
2018/1/19,0.01581974,-0.016170643
2018/1/22,0.004396885,0.003204989
2018/1/23,0.003498697,0.00207888
2018/1/24,-0.019558405,0.017971958
2018/1/25,-0.023851548,-0.022649624
2018/1/26,0.015433621,0.007655845
2018/1/29,0.019482252,-0.010805643
2018/1/30,-0.010612823,-0.007401236
2018/1/31,0.024550309,-0.006787488
2018/2/1,-0.014284081,0.000439469
2018/2/2,-0.015745191,-0.033717678
2018/2/5,-0.030894501,-0.035585552
2018/2/6,0.002521534,0.058696374
2018/2/7,0.033025372,0.012643354
2018/2/8,-0.086291304,-0.038720907
2018/2/9,-0.015255552,0.017459531
2018/2/12,0.017105829,0.013002282
2018/2/13,0.02511319,-0.014274385
2018/2/14,-0.00417105,0.009867177
2018/2/15,0.036472707,0.001023504
2018/2/16,0.004265637,-0.018182872
2018/2/20,-0.002177412,-0.007799709
2018/2/21,-0.004359846,-0.005145102
2018/2/22,0.039063906,0.008608641
2018/2/23,0.016545392,0
2018/2/26,0.015053259,0.015377316
2018/2/27,-0.017797702,-0.032904099
2018/2/28,-0.022590419,-0.020414719
2018/3/1,-0.035359652,-0.039704493
2018/3/2,0.012659777,-0.009531759
2018/3/5,-0.005281698,0.008332891
2018/3/6,-0.015447751,0.005002835
2018/3/7,0.012490859,-0.004977931
2018/3/8,-0.009628362,0.012799308
2018/3/9,-0.005865998,0
2018/3/12,0.056058098,-0.000230823
2018/3/13,-0.010623426,0.004741621
2018/3/14,-0.044494565,-0.00840732
2018/3/15,-0.003150358,0.004240749
2018/3/16,-0.013055877,0.002382559
2018/3/19,-0.024239963,-0.024522894
2018/3/20,-0.009601033,-0.003256733
2018/3/21,0.019257799,0.018763725
2018/3/22,-0.023471709,-0.032734308
2018/3/23,-0.024458065,-0.032439527
2018/3/26,0.008755043,0.023268158
2018/3/27,-0.082189687,-0.031105435
2018/3/28,-0.076654846,0.017204187
2018/3/29,0.032393965,0.02451261
2018/4/2,-0.051290723,-0.015937727
2018/4/3,0.059606702,0.032974816
2018/4/4,0.072552747,0.029507557
2018/4/5,0.065449337,-0.000826783
2018/4/6,-0.020999642,-0.008355121
2018/4/9,-0.032205199,0.003951997
2018/4/10,0.051919402,0.03275268
2018/4/11,-0.012371205,-0.001749312
2018/4/12,-0.02276443,-0.004406137
2018/4/13,0.021290161,-0.002547413
2018/4/16,-0.030400495,0.011337594
2018/4/17,-0.012089214,0.00127658
2018/4/18,0.019677465,-0.00739918
2018/4/19,0.02293843,-0.029761254
2018/4/20,-0.03279131,-0.004228825
2018/4/23,-0.023670107,0.002107427
2018/4/24,0.000317607,0.006372711
2018/4/25,-0.009768591,0.004729119
2018/4/26,0.017063278,0.003707046
2018/4/27,0.030107188,-0.015740997
2018/4/30,-0.000596787,-0.024103653
2018/5/1,0.020486595,-0.008756968
2018/5/2,0.004101087,-0.005998471
2018/5/3,-0.055457321,-0.001441565
2018/5/4,0.03389178,0.015484467
2018/5/7,0.029516475,-0.010037682
2018/5/8,-0.002645568,-0.000267381
2018/5/9,0.016163884,-0.001676839
2018/5/10,-0.005963816,0.024571733
2018/5/11,-0.012982734,-0.007309606
2018/5/14,-0.030193267,-0.0070142
2018/5/15,-0.026684203,0.008458613
2018/5/16,0.008096995,0.029507557
2018/5/17,-0.00677533,0.007087943
2018/5/18,-0.027128044,-0.013309313
2018/5/21,0.027705679,0.00791014
2018/5/22,-0.033322788,0.004993178
2018/5/23,0.014764918,-0.011214484
2018/5/24,-0.004375239,0.014240552
2018/5/25,0.00360087,-0.002320667
2018/5/29,0.01760624,-0.023976146
2018/5/30,0.028053686,0.012003645
2018/5/31,-0.023961333,0.128739473
2018/6/1,0.024902539,0.011684543
2018/6/4,0.016859679,0.013432402
2018/6/5,-0.018905407,-0.008438903
2018/6/6,0.097445991,0.011966319
2018/6/7,-0.010671362,0.010592136
2018/6/8,0.004963768,0.005432377
2018/6/11,0.045459053,0.013562597
2018/6/12,0.032127371,-0.014942446
2018/6/13,0.005863999,0.006073033
2018/6/14,0.037532684,-0.019730835
2018/6/15,0.001257967,0.007789872
2018/6/18,0.035346344,0.000882404
2018/6/19,-0.049296173,-0.038439375
2018/6/20,0.027430191,-0.007370812
2018/6/21,-0.040612059,-0.019776511
2018/6/22,-0.039939915,0.003169122
2018/6/25,-0.001856847,-0.01548856
2018/6/26,0.026994644,0.009842305
2018/6/27,0.007311404,-0.015629041
2018/6/28,0.015761951,0.003758834
2018/6/29,-0.019949676,-0.027652982
2018/7/2,-0.022975686,0.002543697
2018/7/3,-0.072253559,-0.013447939
2018/7/5,-0.005467091,0.012831373
2018/7/6,-0.000844222,-0.007837115
2018/7/9,0.031112061,0.015051808
2018/7/10,0.012432891,0.008536117
2018/7/11,-0.010884733,-0.019697731
2018/7/12,-0.007054176,-0.000768379
2018/7/13,0.006820119,0.002276592
2018/7/16,-0.027504939,0.005092823
2018/7/17,0.040603097,0.011928832
2018/7/18,0.003593226,-0.004009614
2018/7/19,-0.011176471,-0.014053499
2018/7/20,-0.020769415,0.002301756
2018/7/23,-0.033101654,-0.003334826
2018/7/24,-0.019027076,0.005377278
2018/7/25,0.03802569,-0.046341022
2018/7/26,-0.006772678,-0.02392273
2018/7/27,-0.030880533,0.021228221
2018/7/30,-0.023586715,0.003731731
2018/7/31,0.027464887,0.006378394
2018/8/1,0.009056148,-0.020321466
2018/8/2,0.161881731,-0.013982142
2018/8/3,-0.003922292,0.030302583
2018/8/6,-0.017749975,-0.003456614
2018/8/7,0.109889339,-0.00054116
2018/8/8,-0.024319593,0.00211973
2018/8/9,-0.048304326,-0.003977583
2018/8/10,0.008622487,-0.024532124
2018/8/13,0.002590794,-0.011716716
2018/8/14,-0.024607861,0.001071526
2018/8/15,-0.025746462,-0.007172735
2018/8/16,-0.009566284,0.009712042
2018/8/17,-0.089280205,0.002496369
2018/8/20,0.009623552,0.010749009
2018/8/21,0.043637266,0.003811772
2018/8/22,-0.000806151,-0.021135846
2018/8/23,-0.004789509,-0.012764211
2018/8/24,0.008495783,0.007883166
2018/8/27,-0.01099376,0.048374132
2018/8/28,-0.02320916,-0.009835482
2018/8/29,-0.021966552,-0.005313163
2018/8/30,-0.006098161,-0.020520626
2018/8/31,-0.004913409,-0.008504647
2018/9/4,-0.042136773,-0.012435563
2018/9/5,-0.028411539,-0.008743369
2018/9/6,0.000748023,-0.015144498
2018/9/7,-0.063037907,-0.013702
2018/9/10,0.084561777,-0.001165063
2018/9/11,-0.021225957,-0.002955568
2018/9/12,0.039722373,0.00858546
2018/9/13,-0.003717223,0.005570138
2018/9/14,0.01983179,0.011078566
2018/9/17,-0.001219512,0.011266352
2018/9/18,-0.033511396,0.002280753
2018/9/19,0.049343854,0.017975725
2018/9/20,-0.002307534,0.009756565
2018/9/21,0.002579354,-0.021036857
2018/9/24,0.001940822,-0.01617504
2018/9/25,0.004369654,-0.034505708
2018/9/26,0.028540815,0.005367697
2018/9/27,-0.006657396,-0.001736298
2018/9/28,-0.139015575,0
2018/10/1,0.173471642,0.01573336
2018/10/2,-0.031153896,-0.026336797
2018/10/3,-0.02066474,0.020998245
2018/10/4,-0.043992612,0.007368756
2018/10/5,-0.0705424,-0.003829358
2018/10/8,-0.043479755,0.003844078
2018/10/9,0.048850575,-0.046774431
2018/10/10,-0.022528539,-0.00146917
2018/10/11,-0.018101873,-0.008893677
2018/10/12,0.025970396,-0.016094613
2018/10/15,0.003130072,0.010393337
2018/10/16,0.065485959,0.006833174
2018/10/17,-0.017386777,-0.012686347
2018/10/18,-0.028959031,-0.026607427
2018/10/19,-0.014817551,0.003840987
2018/10/22,0.003657699,0.004474872
2018/10/23,0.127185041,0.024932612
2018/10/24,-0.019174575,-0.048548867
2018/10/25,0.091372775,0.047116402
2018/10/26,0.050941607,0.020218073
2018/10/29,0.01193563,0.014757292
2018/10/30,-0.014782761,0.012383901
2018/10/31,0.022493214,0.090887616
2018/11/1,0.020633227,-0.003233471
2018/11/2,0.006186825,-0.01203935
2018/11/5,-0.014462631,0.006061831
2018/11/6,-0.000997364,0.005824463
2018/11/7,0.020820414,0.011487502
2018/11/8,0.009306053,-0.008442297
2018/11/9,-0.002535568,-0.023753616
2018/11/12,-0.054862992,-0.000266919
2018/11/13,0.022490073,0.006749744
2018/11/14,0.015556638,-0.019520495
2018/11/15,0.012906996,0.009108177
2018/11/16,0.01684941,0.005634829
2018/11/19,-0.002370802,-0.001997526
2018/11/20,-0.016919375,-0.016549336
2018/11/21,-0.02676336,0.013154081
2018/11/23,-0.036547503,0.010703465
2018/11/26,0.061904981,0.047816422
2018/11/27,-0.006012997,-0.025477544
2018/11/28,0.011483775,0.007114426
2018/11/29,-0.019257221,-0.005163391
2018/11/30,0.027285477,0.032361508
2018/12/3,0.022854404,0.013197875
2018/12/4,0.003376668,-0.050202017
2018/12/6,0.009341118,-0.012225154
2018/12/7,-0.01403487,-0.028246223
2018/12/10,0.020071823,-0.007751678
2018/12/11,0.004411892,0.007812235
2018/12/12,-0.000437615,0.028517499
2018/12/13,0.027794599,-0.015961396
2018/12/14,-0.029403686,-0.000271596
2018/12/17,-0.0472792,-0.012560182
2018/12/18,-0.032688996,0.006936208
2018/12/19,-0.012047871,0.000850048
2018/12/20,-0.052829084,-0.01890358
2018/12/21,0.013921323,-0.037611187
2018/12/24,-0.076240736,-0.018485203
2018/12/26,0.103926836,0.035512991
2018/12/27,-0.030543762,0.013060574
2018/12/28,0.056117825,-0.00108891
2018/12/31,-0.003203343,-0.013896394
2019/1/2,-0.068148936,0.005704675
2019/1/3,-0.03147325,-0.041353419
2019/1/4,0.057695765,0.03352093
2019/1/7,0.054364403,0.030888804
2019/1/8,0.001164316,0.013105271
2019/1/9,0.009482616,0.010637747
2019/1/10,0.01902192,-0.012832714
2019/1/11,0.006639708,0.070583713
2019/1/14,-0.037035597,0.012880539
2019/1/15,0.029995559,-0.002914722
2019/1/16,0.004703423,0.003199765
2019/1/17,0.003641092,0.01565528
2019/1/18,-0.129709769,0.009152564
2019/1/22,-0.011051725,-0.011912537
2019/1/23,-0.037901445,-0.012581062
2019/1/24,0.013628753,0.013022628
2019/1/25,0.018971905,0.012549804
2019/1/28,-0.002221919,-0.004642363
2019/1/29,0.003643964,0.000247939
2019/1/30,0.038021855,0.016150622
2019/1/31,-0.005669259,-0.001810563
2019/2/1,0.016904436,-0.006161107
2019/2/4,0.00217642,0.003860561
2019/2/5,0.027038299,0.009482285
2019/2/6,-0.012850495,0.015540326
2019/2/7,-0.030608095,-0.031555473
2019/2/8,-0.005560786,0.001310364
2019/2/11,0.02301991,-0.001853464
2019/2/12,-0.003294016,0.010376181
2019/2/13,-0.011670587,-0.000757395
2019/2/14,-0.014281055,-0.00281182
2019/2/15,0.013529996,0.005154555
2019/2/19,-0.00727395,0.011248259
2019/2/20,-0.010075579,0.010619251
2019/2/21,-0.037450361,-0.008263981
2019/2/22,0.011949339,0.009319627
2019/2/25,0.013777975,0.003796761
2019/2/26,-0.003047495,-0.000760175
2019/2/27,0.056674372,-0.002763015
2019/2/28,0.016327737,-0.012973941
2019/3/1,-0.07843266,0.001255944
2019/3/4,-0.031990515,-0.007097369
2019/3/5,-0.030908326,0.00080983
2019/3/6,-0.001084834,-0.015549646
2019/3/7,0.001265204,-0.00654551
2019/3/8,0.027300386,-0.001345858
2019/3/11,0.023861435,0.016605635
2019/3/12,-0.025986481,0
2019/3/13,0.019761046,0.004705
2019/3/14,0.003462417,-0.019862053
2019/3/15,-0.050111998,0.001015158
2019/3/18,-0.021566278,-0.002358952
2019/3/19,-0.007497495,0.007643287
2019/3/20,0.02292037,-0.033184021
2019/3/21,0.001535088,0.00948171
2019/3/22,-0.034634333,-0.024380447
2019/3/25,-0.01553702,0.00851032
2019/3/26,0.028223693,0.003240089
2019/3/27,0.026367828,-0.007051111
2019/3/28,0.013792162,0.01232247
2019/3/29,0.004446909,0.001072876
2019/4/1,0.033305998,0.017789529
2019/4/2,-0.011411558,0.001300267
2019/4/3,0.020741184,0.015385939
2019/4/4,-0.082348103,0.010419769
2019/4/5,0.026814923,0.003824185
2019/4/8,-0.006404556,0.003109121
2019/4/9,-0.003255862,-0.005135367
2019/4/10,0.01377107,0.010053779
2019/4/11,-0.027673332,0.002020677
2019/4/12,-0.002682358,0.009666887
2019/4/15,-0.004930884,-0.003524327
2019/4/16,0.026201242,0.002269485
2019/4/17,-0.007791923,0.008322003
2019/4/18,0.007482579,0.00775749
2019/4/22,-0.038457949,-0.019852292
2019/4/23,0.00437297,0.008355666
2019/4/24,-0.019854149,-0.002778824
2019/4/25,-0.042872883,-0.015382909
2019/4/26,-0.05020994,0.014609231
2019/4/29,0.026920133,0.008341618
2019/4/30,-0.011510747,-0.026522173
2019/5/1,-0.019606981,-0.005144587
2019/5/2,0.04311345,-0.012911732
2019/5/3,0.044778871,0.01444382
2019/5/6,0.001217504,-0.018329003
2019/5/7,-0.032427288,0.011515622
2019/5/8,-0.008985653,-0.008266781
2019/5/9,-0.011683116,-0.016484678
2019/5/10,-0.010166129,0.008201824
2019/5/13,-0.052229459,-0.035062896
2019/5/14,0.023344787,0.013110925
2019/5/15,-0.001549657,0.008939066
2019/5/16,-0.01560469,0.000224585
2019/5/17,-0.07576534,-0.010143337
2019/5/20,-0.026868154,-0.000791088
2019/5/21,-0.001365891,0.004293417
2019/5/22,-0.060217964,-0.042558482
2019/5/23,0.014320515,-0.011751478
2019/5/24,-0.024860543,-0.000295638
2019/5/28,-0.010126921,-0.007733668
2019/5/29,0.006144674,-0.001706901
2019/5/30,-0.008635333,0.000871495
2019/5/31,-0.016257571,-0.042503382
2019/6/3,-0.033433247,0.010808821
2019/6/4,0.08175136,0.060215235
2019/6/5,0.015441592,0.003065413
2019/6/6,0.047611781,-0.007604986
2019/6/7,-0.007042972,0.008518671
2019/6/10,0.04098054,0.014670613
2019/6/11,0.019821026,0.005280695
2019/6/12,-0.036107868,-0.014640608
2019/6/13,0.022221107,0.00978903
2019/6/14,0.004719263,-0.009982306
2019/6/17,0.047040759,0.013444913
2019/6/18,-0.001286495,0.015498221
2019/6/19,0.007515334,0.002194787
2019/6/20,-0.030075586,0.004916168
2019/6/21,0.010204012,-0.001117717
2019/6/24,0.008018552,0.001118968
2019/6/25,-0.017344879,0.019458946
2019/6/26,-0.002231975,0.01192798
2019/6/27,0.016281297,0.004987178
2019/6/28,0.002780022,0.005477092
2019/7/1,0.016607036,0.005738208
2019/7/2,-0.011535389,-0.010612708
2019/7/3,0.046092184,-0.004691849
2019/7/5,-0.007662835,0.008881188
2019/7/8,-0.011840412,-0.006977697
2019/7/9,-0.001217765,-0.003917917
2019/7/10,0.03851395,0.000515176
2019/7/11,-0.001337268,0.008652678
2019/7/12,0.027158367,0.020300894
2019/7/15,0.034354018,0.003820027
2019/7/16,-0.004420118,0.001811761
2019/7/17,0.009830434,-0.006865398
2019/7/18,-0.005179304,-0.001028447
2019/7/19,0.018298852,0.009217788
2019/7/22,-0.009685103,0.009604211
2019/7/23,0.017564959,0.021312111
2019/7/24,0.018103513,0.004186736
2019/7/25,-0.136136862,-0.003158699
2019/7/26,-0.003408785,0.000504344
2019/7/29,0.033895295,-0.002230216
2019/7/30,0.027528948,-0.006144252
2019/7/31,-0.00268719,-0.002223346
2019/8/1,-0.032115873,-0.00471391
2019/8/2,0.002097498,-0.009213945
2019/8/5,-0.025693382,-0.019379451
2019/8/6,0.010642981,0.001828032
2019/8/7,0.011570989,0.007933578
2019/8/8,0.020910849,0.018048002
2019/8/9,-0.013810294,-0.012266493
2019/8/12,-0.025530883,-0.018286259
2019/8/13,0.026160487,0.00318723
2019/8/14,-0.065450925,-0.046648076
2019/8/15,-0.018119976,-0.01933667
2019/8/16,0.01994296,0.014503849
2019/8/19,0.031324381,0.009748886
2019/8/20,-0.004278535,-0.010677195
2019/8/21,-0.022268269,0.004307984
2019/8/22,0.005977449,0.003758211
2019/8/23,-0.048392978,-0.03220127
2019/8/26,0.017029369,0.00527343
2019/8/27,-0.004276754,-0.009947485
2019/8/28,0.007055774,0.015345905
2019/8/29,0.028387151,0.012872223
2019/8/30,0.017590507,0.004870847
2019/9/3,-0.002659451,-0.004847236
2019/9/4,-0.019245769,0.036061701
2019/9/5,0.040327624,0.022969099
2019/9/6,-0.009277832,0.001294876
2019/9/9,0.019085555,0.020627627
2019/9/10,0.016178402,0
2019/9/11,0.049074363,-0.003050823
2019/9/12,-0.004977752,-0.009875849
2019/9/13,-0.002720956,-0.005342277
2019/9/16,-0.009751204,-0.042489105
2019/9/17,0.008154541,0.029029737
2019/9/18,-0.0053066,-0.002855701
2019/9/19,0.012770519,-0.010478462
2019/9/20,-0.024251825,-0.010885915
2019/9/23,0.002537201,-0.00344857
2019/9/24,-0.074698421,-0.012611245
2019/9/25,0.024595617,0.009211721
2019/9/26,0.060603278,0.013508686
2019/9/27,-0.001774815,-0.0050604
2019/9/30,-0.005203816,0.001584612
2019/10/1,0.015861253,-0.036547447
2019/10/2,-0.006375401,-0.039607257
2019/10/3,-0.04154559,0.008670709
2019/10/4,-0.006861792,-0.002015371
2019/10/7,0.027176625,-0.004574652
2019/10/8,0.009799344,-0.025051457
2019/10/9,0.0186649,0.007698538
2019/10/10,0.00085879,0.015222253
2019/10/11,0.012870802,0.02624026
2019/10/14,0.036590827,-0.001953091
2019/10/15,0.003619233,0.021410251
2019/10/16,0.007212363,0.010749976
2019/10/17,0.008546663,-0.012562004
2019/10/18,-0.019164372,-0.000536702
2019/10/21,-0.013426737,-0.006620033
2019/10/22,0.008207101,0.010565394
2019/10/23,-0.003521395,0.008227529
2019/10/24,0.176691973,-0.021547695
2019/10/25,0.094931102,0.025677292
2019/10/28,-0.001279982,-0.002730016
2019/10/29,-0.035061541,0.04283218
2019/10/30,-0.003823294,-0.007815988
2019/10/31,-0.000285705,-0.019780643
2019/11/1,-0.005115577,0.021775503
2019/11/4,0.013280797,0.011072528
2019/11/5,-0.00078905,-0.004181345
2019/11/6,0.029506336,0.004978468
2019/11/7,0.027434319,0.001808193
2019/11/8,0.00476993,0.004704563
2019/11/11,0.023580708,0.00127029
2019/11/12,0.014026776,-0.003354832
2019/11/13,-0.010917882,-0.036268395
2019/11/14,0.009361186,-0.010506042
2019/11/15,0.008072134,0.002446347
2019/11/18,-0.006188772,-0.00732113
2019/11/19,0.027227882,-0.006538827
2019/11/20,-0.020306242,-0.030231382
2019/11/21,0.007410152,-0.01728221
2019/11/22,-0.061406957,0.019029665
2019/11/25,0.009908705,0.013583953
2019/11/26,-0.022062463,0.002798042
2019/11/27,0.006475739,0.006381767
2019/11/29,-0.003352968,-0.003850277
2019/12/2,0.014943626,-0.003351327
2019/12/3,0.003968698,-0.009752674
2019/12/4,-0.009427438,0.007601307
2019/12/5,-0.007985767,-0.003114612
2019/12/6,0.016708514,0.006536644
2019/12/9,0.010833888,-0.004500162
2019/12/10,0.02742177,-0.00763859
2019/12/11,0.011063811,0.003689417
2019/12/12,0.019793053,0.024415297
2019/12/13,-0.003586516,-0.012477186
2019/12/16,0.064479946,0.012917192
2019/12/17,-0.00657799,0.005524473
2019/12/18,0.037362463,0.027540611
2019/12/19,0.027699351,-0.001329903
2019/12/20,0.003835016,-0.000270155
2019/12/23,0.033606639,-0.012878149
2019/12/24,0.014383856,-0.005176433
2019/12/26,0.013379189,-0.002740663
2019/12/27,-0.001298326,0.002190751
2019/12/30,-0.036431758,-0.003265038
2019/12/31,0.008753305,0.004386246
2020/1/2,0.028516926,0.021296515
2020/1/3,0.029633245,-0.028349078
2020/1/6,0.019255773,-0.013213553
2020/1/7,0.038800506,-0.019260175
2020/1/8,0.049202608,-0.014226208
2020/1/9,-0.021944997,0.012418496
2020/1/10,-0.006625261,-0.012266169
2020/1/13,0.097666948,0.009525151
2020/1/14,0.024864247,0.00486007
2020/1/15,-0.036065254,0
2020/1/16,-0.009645121,0.011402951
2020/1/17,-0.005842265,0.001395713
2020/1/21,0.071891353,-0.017142204
2020/1/22,0.040844298,-0.002289846
2020/1/23,0.004653674,-0.000838819
2020/1/24,-0.012934277,-0.016364866
2020/1/27,-0.012038785,-0.026230004
2020/1/28,0.015948925,0.006908368
2020/1/29,0.024872133,-0.001202937
2020/1/30,0.102926939,-0.008043358
2020/1/31,0.015215356,0.001824278
2020/2/3,0.198985474,0.009878227
2020/2/4,0.137244231,0.019273737
2020/2/5,-0.171749523,0.019202154
2020/2/6,0.019395672,-0.019998491
2020/2/7,-0.001201682,-0.020374012
2020/2/10,0.03108081,0.018421379
2020/2/11,0.004019837,0.022193855
2020/2/12,-0.009169674,0.013705035
2020/2/13,0.047830736,-0.005618187
2020/2/14,-0.004912313,-0.015028062
2020/2/18,0.072932896,-0.010076989
2020/2/19,0.068731903,0.014824643
2020/2/20,-0.019620667,0.010610296
2020/2/21,0.00177952,-0.018156988
2020/2/24,-0.074583754,-0.045017049
2020/2/25,-0.040657208,-0.040498892
2020/2/26,-0.026378906,0.007874823
2020/2/27,-0.128145223,-0.040299314
2020/2/28,-0.016201755,-0.006853465
2020/3/2,0.113173737,0.030166652
2020/3/3,0.002555811,-0.02864253
2020/3/4,0.005366197,0.033098463
2020/3/5,-0.033290171,-0.033705256
2020/3/6,-0.029051845,-0.046844965
2020/3/9,-0.135750533,-0.1394204
2020/3/10,0.061430972,0.098421016
2020/3/11,-0.017199982,-0.04129905
2020/3/12,-0.11619954,-0.113846047
2020/3/13,-0.024886272,0.072482724
2020/3/16,-0.185749177,-0.15014025
2020/3/17,-0.033409389,-0.032383513
2020/3/18,-0.160345188,-0.173229125
2020/3/19,0.183877116,0.054172023
2020/3/20,-0.000256057,0.024276112
2020/3/23,0.015812925,-0.029769914
2020/3/24,0.162817285,0.199436102
2020/3/25,0.067820725,0.017996498
2020/3/26,-0.020584145,0.049795731
2020/3/27,-0.026128941,-0.052304897
2020/3/30,-0.023718285,-0.002809622
2020/3/31,0.04351086,-0.025324865
2020/4/1,-0.080991489,-0.073148448
2020/4/2,-0.056254672,-0.055555845
2020/4/3,0.056198429,-0.008244838
2020/4/6,0.075498348,0.083701765
2020/4/7,0.056559752,0.089511977
2020/4/8,0.006234308,0.085916536
2020/4/9,0.044001093,0.040206548
2020/4/13,0.136039267,-0.043637457
2020/4/14,0.090559881,-0.001305295
2020/4/15,0.02810253,-0.057442474
2020/4/16,0.021031019,-0.036470386
2020/4/17,0.011674718,0.077140781
2020/4/20,-0.010013928,-0.004446133
2020/4/21,-0.079922905,-0.050939204
2020/4/22,0.066114024,0.002823416
2020/4/23,-0.036130285,0.01033281
2020/4/24,0.027634116,0.019978155
2020/4/27,0.101497002,0.022781149
2020/4/28,-0.037121127,-0.012027276
2020/4/29,0.040828267,0.072136374
2020/4/30,-0.023235463,-0.062657351
2020/5/1,-0.103083449,-0.062361705
2020/5/4,0.085414292,-0.00717578
2020/5/5,0.009194687,0.024577863
2020/5/6,0.018745131,0.029629805
2020/5/7,-0.003258372,0.025128949
2020/5/8,0.050446799,0.066398976
2020/5/11,-0.009885276,-0.047220065
2020/5/12,-0.002342535,-0.010525342
2020/5/13,-0.022794663,-0.048760614
2020/5/14,0.015677982,0.039609429
2020/5/15,-0.005228104,0.014345019
2020/5/18,0.018143016,0.096331741
2020/5/19,-0.006942793,-0.004838331
2020/5/20,0.009343435,0.031998731
2020/5/21,0.014774692,0.012556376
2020/5/22,-0.012928355,0.006977079
2020/5/26,0.002387073,0.054656598
2020/5/27,0.001709104,0.014235489
2020/5/28,-0.017615981,-0.039945491
2020/5/29,0.0362379,-0.029984827
2020/6/1,0.075567619,0.040960732
2020/6/2,-0.018427246,0.017446586
2020/6/3,0.001587545,0.060560196
2020/6/4,-0.021007996,0.003096125
2020/6/5,0.024582355,0.049726136
2020/6/8,0.072546758,0.002287308
2020/6/9,-0.009738388,-0.026726955
2020/6/10,0.089725722,-0.03717297
2020/6/11,-0.05092432,-0.078264485
2020/6/12,-0.038598942,0.05509668
2020/6/15,0.059446733,-0.006797344
2020/6/16,-0.008829852,0.000361726
2020/6/17,0.009824869,-0.022317683
2020/6/18,0.012250454,-0.002577853
2020/6/19,-0.003037502,-0.018458709
2020/6/22,-0.006594062,-0.008273361
2020/6/23,0.007542991,-0.004548312
2020/6/24,-0.040876402,-0.03695455
2020/6/25,0.026173687,-0.001978829
2020/6/26,-0.026622732,-0.030517666
2020/6/29,0.051680673,0.034344828
2020/6/30,0.06979789,0
2020/7/1,0.036904039,-0.013443763
2020/7/2,0.079490055,0.011220309
2020/7/6,0.134819371,0.019413689
2020/7/7,0.013305993,-0.02331501
2020/7/8,-0.017232429,-0.007562797
2020/7/9,0.020791786,-0.06094329
2020/7/10,0.10783587,0.041411286
2020/7/13,-0.030819503,0.019274806
2020/7/14,0.013192951,0.031371725
2020/7/15,0.019254351,0.048364728
2020/7/16,-0.029340138,-0.001117369
2020/7/17,0.00013994,-0.014901195
2020/7/20,0.094706018,-0.016630524
2020/7/21,-0.045429231,0.005379791
2020/7/22,0.015302658,0.00573898
2020/7/23,-0.049803593,0.017489181
2020/7/24,-0.063480718,-0.019057951
2020/7/27,0.086520435,-0.020951244
2020/7/28,-0.040984996,0.024510839
2020/7/29,0.015306812,-0.016710095
2020/7/30,-0.007737643,-0.026651199
2020/7/31,-0.03815192,-0.01230129
2020/8/3,0.037917539,0.030131325
2020/8/4,0.001346465,0.006240989
2020/8/5,-0.001344654,0.020541892
2020/8/6,0.00309798,0.011017981
2020/8/7,-0.024771742,0.003750873
2020/8/10,-0.023508287,0.047161831
2020/8/11,-0.031122978,0.019296772
2020/8/12,0.131220485,-0.017180957
2020/8/13,0.042614568,-0.017126515
2020/8/14,0.018321967,0.011252014
2020/8/17,0.112043036,0.077173803
2020/8/18,0.028028143,-0.005666908
2020/8/19,-0.004530749,-0.020777017
2020/8/20,0.065635555,-0.013345388
2020/8/21,0.024052691,-0.00936569
2020/8/24,-0.017465811,0.061276674
2020/8/25,0.004542746,-0.020454764
2020/8/26,0.064148565,-0.007077921
2020/8/27,0.039758121,0.007128376
2020/8/28,-0.011323283,0.011110848
2020/8/31,0.125691244,-0.012989751
2020/9/1,-0.046698815,0.005397177
2020/9/2,-0.058269656,0.039280283
2020/9/3,-0.090234236,-0.047808313
2020/9/4,0.027810742,0.017643752
2020/9/8,-0.210628227,0.079329523
2020/9/9,0.10923049,-0.013277699
2020/9/10,0.013817336,-0.055711883
2020/9/11,0.003716271,0.009612279
2020/9/14,0.125829041,0.023638666
2020/9/15,0.071829445,0.012828608
2020/9/16,-0.017789488,0.006647963
2020/9/17,-0.041493212,0.004088829
2020/9/18,0.044210482,-0.013157481
2020/9/21,0.016379094,-0.047617074
2020/9/22,-0.055989105,-0.018670497
2020/9/23,-0.103408528,-0.003395012
2020/9/24,0.019528816,-0.00783684
2020/9/25,0.050416593,-0.00378201
2020/9/28,0.03402563,0.015171616
2020/9/29,-0.00505698,-0.023775322
2020/9/30,0.023716801,0.029576141
2020/10/1,0.04464242,0.02669645
2020/10/2,-0.073794909,0.002635277
2020/10/5,0.025512601,0.016416473
2020/10/6,-0.0274855,-0.018088316
2020/10/7,0.027349213,0.040130851
2020/10/8,0.001453089,0.018657475
2020/10/9,0.018975439,-0.001553081
2020/10/12,0.019119772,0.001555497
2020/10/13,0.009834976,-0.010556583
2020/10/14,0.032804283,-0.0062723
2020/10/15,-0.026923852,0.02904738
2020/10/16,-0.020517687,0.026387331
2020/10/19,-0.020108217,-0.002988015
2020/10/20,-0.020632268,0.067466461
2020/10/21,0.00165663,0.004774253
2020/10/22,0.007453152,0.045850382
2020/10/23,-0.01211865,-0.015504001
2020/10/26,-0.000834463,-0.027424273
2020/10/27,0.010471615,-0.025962517
2020/10/28,-0.043938966,-0.022931884
2020/10/29,0.011844244,0.023470097
2020/10/30,-0.055468334,-0.010318628
2020/11/2,0.032130625,0.000578911
2020/11/3,0.058403182,0.023154663
2020/11/4,-0.006886058,-0.003111573
2020/11/5,0.040640789,0.053916999
2020/11/6,-0.018578374,0.008882109
2020/11/9,-0.020213931,0.039767731
2020/11/10,-0.025872383,0.054415367
2020/11/11,0.016492795,-0.012659095
2020/11/12,-0.012873715,-0.030571255
2020/11/13,-0.007912395,0.047558465
2020/11/16,-0.001006117,0.022819168
2020/11/17,0.082136293,-0.003557404
2020/11/18,0.101968031,0.017625594
2020/11/19,0.02595353,0.002341981
2020/11/20,-0.019348287,0.005137504
2020/11/23,0.065850505,0.040194461
2020/11/24,0.064254096,0.037748295
2020/11/25,0.033522933,-0.021523719
2020/11/27,0.020487841,-0.008798872
2020/11/30,-0.031000804,-0.027076794
2020/12/1,0.030232558,0.019162294
2020/12/2,-0.027257336,-0.002236996
2020/12/3,0.043173512,-0.010991487
2020/12/4,0.009540277,0.007030894
2020/12/7,0.071314103,-0.002027122
2020/12/8,0.012654263,-0.011511868
2020/12/9,-0.069862021,0.014384265
2020/12/10,0.037371025,-0.035111597
2020/12/11,-0.027236237,-0.022159269
2020/12/14,0.048920474,-0.007155232
2020/12/15,-0.010287091,0.000960585
2020/12/16,-0.016547993,-0.005762799
2020/12/17,0.053196204,0.014730598
2020/12/18,0.059615886,-0.024270278
2020/12/21,-0.064950986,0.004876818
2020/12/22,-0.01464777,-0.007522261
2020/12/23,0.008807807,0.037896371
2020/12/24,0.024441895,-0.020494897
2020/12/28,0.00290131,0.001925437
2020/12/29,0.00346698,-0.002160447
2020/12/30,0.043225809,0.006495374
2020/12/31,0.015674049,-0.004782472
2021/1/4,0.034154823,-0.027136823
2021/1/5,0.007317364,0.028389704
2021/1/6,0.02838755,0.03168334
2021/1/7,0.079446651,0.0079113
2021/1/8,0.078404341,-0.006001104
2021/1/11,-0.078212995,0.045287007
2021/1/12,0.04715289,0.062428724
2021/1/13,0.005848552,0.019029434
2021/1/14,-0.01101112,0.057459015
2021/1/15,-0.022295832,-0.03027184
2021/1/19,0.022259584,0.097457866
2021/1/20,0.006983592,0.018599216
2021/1/21,-0.006420138,-0.013963542
2021/1/22,0.001952688,0.005810412
2021/1/25,0.040348956,-0.036282075
2021/1/26,0.002598774,-0.025284947
2021/1/27,-0.021436118,-0.051883651
2021/1/28,-0.033243882,0.034453484
2021/1/29,-0.05015495,-0.007051664
2021/2/1,0.058322937,0.016377814
2021/2/2,0.03926955,0.023489285
2021/2/3,-0.020736947,0.029020715
2021/2/4,-0.005500233,-0.002210853
2021/2/5,0.002636502,0.005171943
2021/2/8,0.013130243,0.045395971
2021/2/9,-0.016170559,-0.014416021
2021/2/10,-0.052551094,-0.021048878
2021/2/11,0.008498805,-0.025145744
2021/2/12,0.00549615,0.001868204
2021/2/16,-0.024382444,-0.002612483
2021/2/17,0.002422694,-0.010661446
2021/2/18,-0.013493704,-0.01380184
2021/2/19,-0.007723082,0.007861232
2021/2/22,-0.085496078,-0.011224082
2021/2/23,-0.021917394,-0.016737364
2021/2/24,0.061786587,0.03502331
2021/2/25,-0.080589472,-0.043478839
2021/2/26,-0.009850181,0.01442845
2021/3/1,0.06355283,0.023571659
2021/3/2,-0.044530372,0.02988108
2021/3/3,-0.048423822,-0.02661189
2021/3/4,-0.04861918,-0.01594785
2021/3/5,-0.037799244,0.037044646
2021/3/8,-0.058449605,0.022884172
2021/3/9,0.196411729,-0.00600368
2021/3/10,-0.008195006,0.039890083
2021/3/11,0.047209761,-0.008797219
2021/3/12,-0.008391938,0.052014195
2021/3/15,0.020484944,-0.022275222
2021/3/16,-0.043872362,-0.014152293
2021/3/17,0.036830698,0.051296616
2021/3/18,-0.069322082,-0.012989229
2021/3/19,0.002618042,0.009279063
2021/3/22,0.023102295,-0.028751681
2021/3/23,-0.011700017,-0.033390907
2021/3/24,-0.048160565,-0.006233477
2021/3/25,0.016055024,0.014156046
2021/3/26,-0.0338513,-0.001412705
2021/3/29,-0.011995908,-0.010261933
2021/3/30,0.039801142,0.045941015
2021/3/31,0.050832338,-0.017945927
2021/4/1,-0.00925248,0.005915887
2021/4/5,0.044278118,0.056058102
2021/4/6,0.000824832,0.014743466
2021/4/7,-0.02985599,-0.017921955
2021/4/8,0.019118561,-0.012163807
2021/4/9,-0.009915194,0.00116516
2021/4/12,0.036867503,-0.008311933
2021/4/13,0.085959836,-0.019610385
2021/4/14,-0.039471561,-0.000171741
2021/4/15,0.009038131,0.002222707
2021/4/16,0.001258715,0.001707037
2021/4/19,-0.033995288,-0.014136053
2021/4/20,0.00609966,-0.036456028
2021/4/21,0.034953247,0.030839615
2021/4/22,-0.032829382,-0.014436056
2021/4/23,0.013489122,0.015354886
2021/4/26,0.012067469,0.011819122
2021/4/27,-0.045329118,0.013056421
2021/4/28,-0.014669261,-0.007122039
2021/4/29,-0.025057568,-0.033817146
2021/4/30,0.047915734,0.011490538
2021/5/3,-0.034590663,-0.001223601
2021/5/4,-0.016500219,-0.031671568
2021/5/5,-0.003945968,0.040476372
2021/5/6,-0.011030776,0.019798923
2021/5/7,0.013305905,0.004598315
2021/5/10,-0.064442293,-0.026784163
2021/5/11,-0.018823922,-0.029262267
2021/5/12,-0.044246669,-0.035349867
2021/5/13,-0.030854905,0.015624504
2021/5/14,0.03157486,0.025640837
2021/5/17,-0.021889307,0.000713922
2021/5/18,0.001799487,-0.002674401
2021/5/19,-0.024934717,-0.006441525
2021/5/20,0.041385369,-0.000359982
2021/5/21,-0.010051484,0.021796684
2021/5/24,0.044002128,-0.002114577
2021/5/25,-0.002888987,0.00282541
2021/5/26,0.023883352,0.023256349
2021/5/27,0.018926528,0.029097651
2021/5/28,-0.008921311,-0.007695604
2021/6/1,-0.002111253,0.005731358
2021/6/2,-0.030100929,0
2021/6/3,-0.053344703,0.063872891
2021/6/4,0.045750915,-0.001418285
2021/6/7,0.010151089,-0.002208121
2021/6/8,-0.002543255,0.010912528
2021/6/9,-0.007972286,-0.017992265
2021/6/10,0.01893854,-0.022780374
2021/6/11,-0.000373698,0.002444956
2021/6/14,0.012789171,-0.011384688
2021/6/15,-0.029675032,0.000330486
2021/6/16,0.009189787,0.015621877
2021/6/17,0.019392629,-0.027202818
2021/6/18,0.010883897,-0.021969534
2021/6/21,-0.003980363,0.009188647
2021/6/22,0.004638959,-0.001011288
2021/6/23,0.052688032,0.014855724
2021/6/24,0.03541125,-0.001331662
2021/6/25,-0.011694255,0.00432991
2021/6/28,0.025076242,-0.027528315
2021/6/29,-0.011556237,0.003241025
2021/6/30,-0.001555614,0.005778116
2021/7/1,-0.002621741,-0.00101351
2021/7/2,0.001447076,-0.002537195
2021/7/6,-0.028457799,-0.025441603
2021/7/7,-0.022637133,-0.015141105
2021/7/8,0.012658051,-0.00936527
2021/7/9,0.006341824,0.048163173
2021/7/12,0.043765954,0.003572888
2021/7/13,-0.025025485,-0.004069493
2021/7/14,-0.022679237,-0.012429404
2021/7/15,-0.004251744,-0.018103724
2021/7/16,-0.009807855,-0.02616317
2021/7/19,0.003106082,-0.023078776
2021/7/20,0.022097703,0.036359288
2021/7/21,-0.007889466,0.016027464
2021/7/22,-0.009202033,-0.024714009
2021/7/23,-0.009056464,-0.012579865
2021/7/26,0.022134664,0.015106055
2021/7/27,-0.019524924,-0.013807761
2021/7/28,0.00341046,0.008910944
2021/7/29,0.046939627,0.032256955
2021/7/30,0.014544939,-0.007681152
2021/8/2,0.032697857,0.003341893
2021/8/3,9.72E-05,0.014906524
2021/8/4,0.001661172,-0.089151182
2021/8/5,0.005220004,0.032625678
2021/8/6,-0.021732925,0.011203882
2021/8/9,0.020971279,-0.019980767
2021/8/10,-0.005283289,0.005745917
2021/8/11,-0.003054977,0.000185129
2021/8/12,0.020386539,0.006448711
2021/8/13,-0.007032191,-0.017760098
2021/8/16,-0.043228184,-0.01304649
2021/8/17,-0.029817727,-0.046837355
2021/8/18,0.034970235,0.007330331
2021/8/19,-0.022524307,-0.034618546
2021/8/20,0.010080627,-0.005704111
2021/8/23,0.038279538,-0.012704608
2021/8/24,0.00310067,0.028851045
2021/8/25,0.003827865,0.002622225
2021/8/26,-0.014118372,-0.021731397
2021/8/27,0.015347424,0.024269859
2021/8/30,0.026674308,-0.012651206
2021/8/31,0.00657946,-0.003252358
2021/9/1,-0.002214158,0.002039357
2021/9/2,-0.002317151,-0.003258375
2021/9/3,0.001609798,-0.002655443
2021/9/7,0.026377887,-0.002049353
2021/9/8,0.001263084,0.005133904
2021/9/9,0.001313224,-0.011232797
2021/9/10,-0.024628408,0.022098439
2021/9/13,0.009143397,0.026873591
2021/9/14,0.002002689,-0.001573381
2021/9/15,0.015231924,0.021285989
2021/9/16,0.001536062,-0.005792123
2021/9/17,0.003301233,-0.003685037
2021/9/20,-0.038603587,-0.038186284
2021/9/21,0.012613501,0
2021/9/22,0.016988558,0.028560558
2021/9/23,0.002258156,0.022450195
2021/9/24,0.027534403,0.005970577
2021/9/27,0.021915314,0.019336326
2021/9/28,-0.017438312,-0.007324418
2021/9/29,0.004822773,0.001512946
2021/9/30,-0.007464377,-0.004156213
2021/10/1,-0.000332698,0.007969783
2021/10/4,0.008138324,0.01599693
2021/10/5,-0.001201489,0.006669458
2021/10/6,0.002767134,-0.00754401
2021/10/7,0.013874144,0.046539437
2021/10/8,-0.010232973,0.03774045
2021/10/11,0.008211435,-0.00819457
2021/10/12,0.017399045,0.014976889
2021/10/13,0.006653684,-0.020183933
2021/10/14,0.008925137,-0.001384095
2021/10/15,0.03019727,0.005373414
2021/10/18,0.032123412,-0.019137679
2021/10/19,-0.006712937,-0.000704518
2021/10/20,0.00177028,0.014423638
2021/10/21,0.032571033,0.012832058
2021/10/22,0.017540268,-0.0109566
2021/10/25,0.126614714,-0.000173881
2021/10/26,-0.006273052,-0.006751246
2021/10/27,0.019076403,-0.054208988
2021/10/28,0.037750793,-0.000370259
2021/10/29,0.034316306,0.003503944
2021/11/1,0.08491031,0.01947569
2021/11/2,-0.030273319,0.001801205
2021/11/3,0.03571584,0.007374373
2021/11/4,0.013222283,0.047143954
2021/11/5,-0.006359002,-0.002047053
2021/11/8,-0.048399094,0.01845612
2021/11/9,-0.119902901,-0.016442983
2021/11/10,0.043427412,0.011088701
2021/11/11,-0.004157502,0.043022653
2021/11/12,-0.028293132,0.025558031
2021/11/15,-0.019380329,-0.006781251
2021/11/16,0.040793731,-0.005717276
2021/11/17,0.032499282,0.0319435
2021/11/18,0.006768539,-0.035289289
2021/11/19,0.037103924,-0.00850282
2021/11/22,0.017421244,0.03657042
2021/11/23,-0.041351268,-0.015767034
2021/11/24,0.006283864,-0.013640969
2021/11/26,-0.030537634,-0.032480706
2021/11/29,0.050901176,-0.005151946
2021/11/30,0.006833827,-0.033243219
2021/12/1,-0.043468462,0.003282411
2021/12/2,-0.00949863,0.050981674
2021/12/3,-0.064198842,-0.021468116
2021/12/6,-0.00587013,0.002176919
2021/12/7,0.042356327,0.028241835
2021/12/8,0.016364171,-0.012190304
2021/12/9,-0.060956444,-0.019083774
2021/12/10,0.013179916,0.060215123
2021/12/13,-0.049771393,-0.064547143
2021/12/14,-0.008176645,-0.012345322
2021/12/15,0.0182377,0.003594913
2021/12/16,-0.050278179,-0.003753426
2021/12/17,0.00609762,-0.05531614
2021/12/20,-0.034990365,-0.020305105
2021/12/21,0.042879525,0.01387802
2021/12/22,0.074948137,0.023544338
2021/12/23,0.057619911,0.01480079
2021/12/27,0.025248336,0.00913786
2021/12/28,-0.005002098,-0.005572648
2021/12/29,-0.002094685,0.002100135
2021/12/30,-0.014591383,0.015726775
2021/12/31,-0.012668872,0.008600475
2022/1/3,0.135317663,0.043324436
2022/1/4,-0.041832634,0.074710199
2022/1/5,-0.053471191,-0.045635406
2022/1/6,-0.021524261,0.002071786
2022/1/7,-0.035446605,-0.009543424
2022/1/10,0.030342954,-0.019270757
2022/1/11,0.005934104,0.00638532
2022/1/12,0.039289741,-0.006995304
2022/1/13,-0.067492,0.012123925
2022/1/14,0.017498757,-0.010846851
2022/1/18,-0.018198188,-0.037806512
2022/1/19,-0.033827943,-0.043373959
2022/1/20,0.000623714,-0.028272433
2022/1/21,-0.052567075,-0.025069617
2022/1/24,-0.014725092,-0.012009668
2022/1/25,-0.012474194,-0.014058194
2022/1/26,0.020700153,0.008670929
2022/1/27,-0.115540692,-0.01719278
2022/1/28,0.020805668,-0.02351671
2022/1/31,0.106774849,0.049561726
2022/2/1,-0.005838458,0.02541091
2022/2/2,-0.027479165,-0.010541159
2022/2/3,-0.016032489,-0.007290691
2022/2/4,0.036108764,-0.034266163
2022/2/7,-0.017304962,-0.01131029
2022/2/8,0.016154897,-0.024650273
2022/2/9,0.010848168,0.025476362
2022/2/10,-0.029452758,-0.007492246
2022/2/11,-0.049250954,-0.02999567
2022/2/14,0.018324397,-0.00880876
2022/2/15,0.053291998,0.026241893
2022/2/16,0.001040728,0.015301263
2022/2/17,-0.050942667,-0.031926061
2022/2/18,-0.022104157,-0.004506108
2022/2/22,-0.04136736,-0.037652666
2022/2/23,-0.069978053,-0.008339777
2022/2/24,0.04807209,-0.000647583
2022/2/25,0.011366574,0.023302082
2022/2/28,0.074774872,-0.014969185
2022/3/1,-0.006962084,-0.047090746
2022/3/2,0.017957608,0.040433213
2022/3/3,-0.046144352,-0.030657963
2022/3/4,-0.001190293,-0.05567997
2022/3/7,-0.040214007,-0.060611948
2022/3/8,0.024635244,0.009288519
2022/3/9,0.041932314,0.051742405
2022/3/10,-0.024063732,-0.010171038
2022/3/11,-0.051232317,-0.00812491
2022/3/14,-0.036436743,-0.01638051
2022/3/15,0.046348309,0.031837841
2022/3/16,0.047811984,0.040826691
2022/3/17,0.037332591,-0.004334181
2022/3/18,0.038770122,0.026571538
2022/3/21,0.01741568,-0.026995408
2022/3/22,0.079054756,0.021780892
2022/3/23,0.005161064,-0.017502333
2022/3/24,0.014821176,0.013018718
2022/3/25,-0.003233986,-0.015782273
2022/3/28,0.080346117,0.013057486
2022/3/29,0.007077954,0.046132108
2022/3/30,-0.005074716,-0.022481011
2022/3/31,-0.014980955,-0.032727709
2022/4/1,0.006486637,-0.017834998
2022/4/4,0.056114292,0.005120771
2022/4/5,-0.047310623,-0.040759782
2022/4/6,-0.041693127,-0.046352637
2022/4/7,0.01099582,-0.019746914
2022/4/8,-0.030049373,0.016271426
2022/4/11,-0.048328116,0.024902166
2022/4/12,0.011290769,-0.00718826
2022/4/13,0.035889392,0.004495713
2022/4/14,-0.036553303,-0.002237796
2022/4/18,0.019583776,0.012458135
2022/4/19,0.023760093,0.035685765
2022/4/20,-0.049556923,-0.00855317
2022/4/21,0.03231788,-0.02420749
2022/4/22,-0.003696544,-0.0213733
2022/4/25,-0.00699666,-0.000501752
2022/4/26,-0.121840366,-0.04470108
2022/4/27,0.005808859,0.016298248
2022/4/28,-0.004539932,0.002328101
2022/4/29,-0.007692229,-0.021676746
2022/5/2,0.036957413,0.014244946
2022/5/3,0.006987175,0.038751427
2022/5/4,0.047699805,0.030796819
2022/5/5,-0.083287145,-0.02963272
2022/5/6,-0.00873604,-0.009263124
2022/5/9,-0.09072951,-0.03335093
2022/5/10,0.016427183,0.011499655
2022/5/11,-0.082544623,-0.036948977
2022/5/12,-0.008174376,-0.045880882
2022/5/13,0.057127669,0.074521967
2022/5/16,-0.05875726,-0.029049592
2022/5/17,0.051408739,0.026953922
2022/5/18,-0.068015126,-0.059579898
2022/5/19,-0.000549444,0.008091037
2022/5/20,-0.064163773,-0.019931753
2022/5/23,0.016570267,0.016949008
2022/5/24,-0.069254602,-0.021945795
2022/5/25,0.048775712,0.021867636
2022/5/26,0.074271403,0.040027025
2022/5/27,0.073333051,0.030728551
2022/5/31,-0.001804826,0.002854412
2022/6/1,-0.023592203,-0.010600863
2022/6/2,0.04677256,0.015677947
2022/6/3,-0.092191087,-0.03241729
2022/6/6,0.016045745,0.005849203
2022/6/7,0.002547423,0.014277748
2022/6/8,0.012474517,-0.01772358
2022/6/9,-0.008930528,-0.027592769
2022/6/10,-0.031192247,-0.044746666
2022/6/13,-0.071020109,-0.077979388
2022/6/14,0.023885564,0.028501634
2022/6/15,0.054823668,0.029515081
2022/6/16,-0.085407725,-0.080749065
2022/6/17,0.017175035,0.014642505
2022/6/21,0.093545857,0.023836682
2022/6/22,-0.004007813,0.005822739
2022/6/23,-0.004307734,0.004877228
2022/6/24,0.045250351,0.055468776
2022/6/27,-0.003203002,-0.005458175
2022/6/28,-0.050044913,-0.018477479
2022/6/29,-0.017935813,-0.015890701
2022/6/30,-0.017580638,-0.050519975
2022/7/1,0.012429112,0.01353685
2022/7/5,0.025538693,0.005592066
2022/7/6,-0.005723676,-0.033980251
2022/7/7,0.055279136,0.044449656
2022/7/8,0.0254352,-0.010715615
2022/7/11,-0.065480155,-0.044567215
2022/7/12,-0.005432208,0.021378785
2022/7/13,0.017033509,0.006024519
2022/7/14,0.005370402,-0.004097854
2022/7/15,0.007360068,0.040517551
2022/7/18,0.001999442,-0.007603378
2022/7/19,0.020715286,0.054564491
2022/7/20,0.008023459,0.010465639
2022/7/21,0.097806061,0.01064623
2022/7/22,0.001972713,-0.013096116
2022/7/25,-0.01399485,-0.004322858
2022/7/26,-0.03566253,-0.034183035
2022/7/27,0.061654949,0.040189453
2022/7/28,0.022123572,0.030566965
2022/7/29,0.057849769,0.014547703
2022/8/1,0.000427394,0.014064842
2022/8/2,0.011134397,-0.017404821
2022/8/3,0.02265567,0.032659859
2022/8/4,0.004020859,-0.028945356
2022/8/5,-0.066302048,-0.00469123
2022/8/8,0.007818302,0.041592731
2022/8/9,-0.024412667,-0.025024605
2022/8/10,0.038908281,0.036320994
2022/8/11,-0.026250437,0.013438469
2022/8/12,0.046750166,0.026520543
2022/8/15,0.03096357,-0.002025306
2022/8/16,-0.0089131,-0.010407133
2022/8/17,-0.008370221,-0.015133364
2022/8/18,-0.003707273,0.008334314
2022/8/19,-0.020480734,0.025309954
2022/8/22,-0.022766267,-0.028966365
2022/8/23,0.022558492,0.000257968
2022/8/24,0.002172351,0.017894172
2022/8/25,-0.003456783,0.029045112
2022/8/26,-0.026953085,-0.028722711
2022/8/29,-0.01135062,0.007138888
2022/8/30,-0.024998245,-0.007355241
2022/8/31,-0.007526107,-0.023512417
2022/9/1,0.005623889,0.009159296
2022/9/2,-0.025075769,-0.00233402
2022/9/6,0.015580474,0.006239481
2022/9/7,0.033816777,0.036166539
2022/9/8,0.019598167,0.009722396
2022/9/9,0.036022955,0.019507499
2022/9/12,0.015816871,0.018406055
2022/9/13,-0.040371855,-0.036146789
2022/9/14,0.035874439,0.002220568
2022/9/15,0.003767225,0.000984458
2022/9/16,-0.001316872,-0.016970752
2022/9/19,0.018856107,0.035527929
2022/9/20,-0.001100074,-0.056295432
2022/9/21,-0.025685874,-0.035329315
2022/9/22,-0.040591755,-0.007960869
2022/9/23,-0.045947538,-0.050829689
2022/9/26,0.002469764,-0.012403499
2022/9/27,0.025107786,-0.009415883
2022/9/28,0.01721213,0.015557416
2022/9/29,-0.068100483,-0.056454319
2022/9/30,-0.011036128,-0.035177272
2022/10/3,-0.086145146,0.024307594
2022/10/4,0.029042904,0.089138979
2022/10/5,-0.034597498,-0.026816459
2022/10/6,-0.011129106,-0.006026574
2022/10/7,-0.063242767,-0.029166618
2022/10/10,-0.000493119,-0.03955833
2022/10/11,-0.028973807,-0.006195218
2022/10/12,0.003418014,0.003429235
2022/10/13,0.020622353,0.017389491
2022/10/14,-0.075455529,0.003967902
2022/10/17,0.070052198,0.02067526
2022/10/18,0.003829496,0.020256452
2022/10/19,0.008401835,-0.018101481
2022/10/20,-0.066474509,-0.005650357
2022/10/21,0.034542648,0.046649563
2022/10/24,-0.014875956,0.020571383
2022/10/25,0.052852071,0.036116013
2022/10/26,0.010003822,0.022966375
2022/10/27,0.002003205,0.00792302
2022/10/28,0.015238349,0.018082589
2022/10/31,-0.004288465,0.010295688
2022/11/1,0.001230553,0.00254833
2022/11/2,-0.056360284,-0.021093812
2022/11/3,0.001535027,-0.000260183
2022/11/4,-0.036412614,0.012726255
2022/11/7,-0.05007953,0.009999101
2022/11/8,-0.029328192,-0.008630472
2022/11/9,-0.071667538,-0.025354564
2022/11/10,0.073934343,0.044141618
2022/11/11,0.027527265,0.034727301
2022/11/14,-0.025616166,-0.028940647
2022/11/15,0.018172296,0.007763281
2022/11/16,-0.038576278,-0.04398678
2022/11/17,-0.020062059,0.004421044
2022/11/18,-0.01626904,0.029244468
2022/11/21,-0.068372274,-0.006287517
2022/11/22,0.012152261,0.011386604
2022/11/23,0.07821788,0.003502895
2022/11/25,-0.001855895,0.008725419
2022/11/28,0.00032812,-0.026692957
2022/11/29,-0.01142576,0.009396171
2022/11/30,0.076701875,0.02037729
2022/12/1,0,-0.000988386
2022/12/2,0.000821777,-0.013109077
2022/12/5,-0.063686749,-0.027819549
2022/12/6,-0.014414908,-0.019850477
2022/12/7,-0.032143254,-0.001578117
2022/12/8,-0.003447483,0.006322445
2022/12/9,0.03234548,0.002094241
2022/12/12,-0.062719911,0.005485893
2022/12/13,-0.040936718,0.007274617
2022/12/14,-0.025784405,-0.010575187
2022/12/15,0.005548469,-0.019290928
2022/12/16,-0.047187163,-0.03907496
2022/12/19,-0.002396326,-0.020193638
2022/12/20,-0.080536465,-0.00621118
2022/12/21,-0.001669086,0.019886364
2022/12/22,-0.088827506,-0.066016713
2022/12/23,-0.017550858,0.008947211
2022/12/27,-0.11408851,-0.015075377
2022/12/28,0.033088909,-0.023709484
2022/12/29,0.080826901,0.035044574
2022/12/30,0.011164012,-0.000891001
