FREQ,Frequency,L_MEASURE,Measure,L_POSITION,Balance sheet position,L_INSTR,Type of instruments,L_DENOM,Currency denomination,L_CURR_TYPE,Currency type of reporting country,L_PARENT_CTY,Parent country,L_REP_BANK_TYPE,Type of reporting institutions,L_REP_CTY,Reporting country,L_CP_SECTOR,Counterparty sector,L_CP_COUNTRY,Counterparty country,L_POS_TYPE,Position type,TIME_FORMAT,Time Format,COLLECTION,Collection Indicator,ORG_VISIBILITY,Organisation visibility,Series,1977-Q4,1978-Q1,1978-Q2,1978-Q3,1978-Q4,1979-Q1,1979-Q2,1979-Q3,1979-Q4,1980-Q1,1980-Q2,1980-Q3,1980-Q4,1981-Q1,1981-Q2,1981-Q3,1981-Q4,1982-Q1,1982-Q2,1982-Q3,1982-Q4,1983-Q1,1983-Q2,1983-Q3,1983-Q4,1984-Q1,1984-Q2,1984-Q3,1984-Q4,1985-Q1,1985-Q2,1985-Q3,1985-Q4,1986-Q1,1986-Q2,1986-Q3,1986-Q4,1987-Q1,1987-Q2,1987-Q3,1987-Q4,1988-Q1,1988-Q2,1988-Q3,1988-Q4,1989-Q1,1989-Q2,1989-Q3,1989-Q4,1990-Q1,1990-Q2,1990-Q3,1990-Q4,1991-Q1,1991-Q2,1991-Q3,1991-Q4,1992-Q1,1992-Q2,1992-Q3,1992-Q4,1993-Q1,1993-Q2,1993-Q3,1993-Q4,1994-Q1,1994-Q2,1994-Q3,1994-Q4,1995-Q1,1995-Q2,1995-Q3,1995-Q4,1996-Q1,1996-Q2,1996-Q3,1996-Q4,1997-Q1,1997-Q2,1997-Q3,1997-Q4,1998-Q1,1998-Q2,1998-Q3,1998-Q4,1999-Q1,1999-Q2,1999-Q3,1999-Q4,2000-Q1,2000-Q2,2000-Q3,2000-Q4,2001-Q1,2001-Q2,2001-Q3,2001-Q4,2002-Q1,2002-Q2,2002-Q3,2002-Q4,2003-Q1,2003-Q2,2003-Q3,2003-Q4,2004-Q1,2004-Q2,2004-Q3,2004-Q4,2005-Q1,2005-Q2,2005-Q3,2005-Q4,2006-Q1,2006-Q2,2006-Q3,2006-Q4,2007-Q1,2007-Q2,2007-Q3,2007-Q4,2008-Q1,2008-Q2,2008-Q3,2008-Q4,2009-Q1,2009-Q2,2009-Q3,2009-Q4,2010-Q1,2010-Q2,2010-Q3,2010-Q4,2011-Q1,2011-Q2,2011-Q3,2011-Q4,2012-Q1,2012-Q2,2012-Q3,2012-Q4,2013-Q1,2013-Q2,2013-Q3,2013-Q4,2014-Q1,2014-Q2,2014-Q3,2014-Q4,2015-Q1,2015-Q2,2015-Q3,2015-Q4,2016-Q1,2016-Q2,2016-Q3,2016-Q4,2017-Q1,2017-Q2,2017-Q3,2017-Q4,2018-Q1,2018-Q2,2018-Q3,2018-Q4,2019-Q1,2019-Q2,2019-Q3,2019-Q4,2020-Q1,2020-Q2,2020-Q3,2020-Q4,2021-Q1,2021-Q2,2021-Q3,2021-Q4,2022-Q1,2022-Q2,2022-Q3,2022-Q4,2023-Q1
Q,Quarterly,S,Amounts outstanding / Stocks,C,Total claims,A,All instruments,CHF,Swiss franc,A,All currencies (=D+F+U),5J,All countries (total),A,"All reporting banks/institutions (domestic, foreign, consortium and unclassified)",5A,All reporting countries,A,All sectors,JP,Japan,N,Cross-border,,,E,End of period,,,Q:S:C:A:CHF:A:5J:A:5A:A:JP:N,139,133,173,170,233,315,492,558,665,587,643,617,748,793,711,673,501,437,505,597,774,4086,4333,4904,5752,5955,6231,5956,5516,5574,5908,10062,15087,18752,17036,19928,27442,33815,31972,32140,41155,36168,28941,27159,27390,22762,20872,20593,20399,19742,20686,25173,29189,24186,22191,23333,24636,21961,23243,22740,18495,16340,15507,15515,15687,16723,18244,18517,16936,20564,19904,19267,18449,17104,16354,16851,14742,11844,10745,10570,12949,9777,8766,8062,7275,5429,6315,5927,4715,3487,3271,3301,2824,2755,2076,2171,1720,1672,1896,1828,2091,2046,2635,2435,2227,2454,2268,1586,2241,2079,1858,1690,2524,2085,2516,2085,2092,2424,1858,2067,2146,2592,1977,1709,2512,2360,1061,4232,2469,2051,1606,1465,1634,1422.066,1370,1026,1057,1023.417,883.299,877.197,797.034,603.506,375.08,2234.112,4005.206,3480.191,3397.404,4194.282,3228.661,2701.868,2089.556,2035.967,2157.253,1969.601,1970.82,1837.209,4077.917,2206.999,2399.767,2558.465,2159.968,1825.864,2247.229,2373.991,1511.798,1126.218,1061.002,1301.888,1765.466,1693.421,2511.084,1553.788,2825.165,3408.462,2230.486,1627.49,2222.715,3741.825,3244.515,2637.618,2240.397,1681.076
Q,Quarterly,S,Amounts outstanding / Stocks,C,Total claims,A,All instruments,EUR,Euro,A,All currencies (=D+F+U),5J,All countries (total),A,"All reporting banks/institutions (domestic, foreign, consortium and unclassified)",5A,All reporting countries,A,All sectors,JP,Japan,N,Cross-border,,,E,End of period,,,Q:S:C:A:EUR:A:5J:A:5A:A:JP:N,521,634,566,761,768,1025,878,1130,994,927,943,1063,1016,1414,899,937,1007,954,830,1104,1002,2717,3345,3966,4377,5006,4028,3567,3831,4185,4166,5267,7575,8113,9353,10048,11751,15717,17382,18869,21643,19822,21710,23562,27682,27351,29187,35394,40734,40907,41696,52780,55438,47801,44705,45114,53064,50758,58074,56573,51455,52526,58765,63284,62946,60110,63684,63866,59358,60535,69884,64988,62555,61660,56614,53864,50792,51746,48434,50175,56442,48993,50704,51434,49977,46959,45516,50602,41550,41492,43409,46237,50762,58673,52253,55141,54880,49442,52805,56454,80408,89081,111221,91146,79335,78876,81131,85489,100252,74018,76645,75646,81870,79294,87292,81939,83698,83803,77823,78090,86507,94821,85603,73472,88040,70599,99379,97234,95034,81967,80357,92560,81062,84214.294,76580,68140,75407,91604.927,82502.729,95469.354,117859.351,126172.348,123205.07,145655.606,141475.07,129531.123,119991.337,115413.328,108340.852,106717.561,100156.013,103722.798,97934.369,102548.148,104019.657,110885.943,110902.864,97429.21,107617.466,102000.768,106305.909,116036.294,118815.288,112312.531,113973.972,133893.566,139806.608,135299.946,136015.377,142485.779,142224.488,155280.777,182518.973,189929.097,194482.725,180156.867,170520.3,172505.919,147083.02,136054.233,137467.175,131237.37
Q,Quarterly,S,Amounts outstanding / Stocks,C,Total claims,A,All instruments,GBP,Pound (sterling),A,All currencies (=D+F+U),5J,All countries (total),A,"All reporting banks/institutions (domestic, foreign, consortium and unclassified)",5A,All reporting countries,A,All sectors,JP,Japan,N,Cross-border,,,E,End of period,,,Q:S:C:A:GBP:A:5J:A:5A:A:JP:N,129,141,121,135,135,155,159,160,144,125,155,135,128,330,297,473,644,626,355,389,327,468,484,427,684,834,691,691,732,1225,1217,1355,1591,1567,1969,2191,1725,2175,2539,3160,4900,5284,7308,8943,10599,8079,7713,10127,11520,11205,13818,16048,19307,15610,13476,16248,18384,16573,22534,20436,16649,16868,15466,14479,12728,12766,13586,14482,15011,17033,21116,17104,17500,16258,14128,15959,17304,19594,22088,19655,20134,25059,22388,24017,21172,16713,15810,14275,14659,15639,12363,12243,11558,10483,11912,12584,12673,11237,10157,11291,12594,11356,11322,12206,11893,14632,13249,13256,14189,11098,12762,12639,12045,12272,11781,11233,12709,10773,10885,13930,11533,15519,12385,8768,9652,9819,12264,7303,7399,5939,7490,9264,7742,7468.117,9580,12335,11407,11185.316,19081.589,17469.741,18540.686,15415.608,11840.938,9690.519,6744.599,11706.579,12829.56,12793.374,12610.678,10104.314,11509.089,9961.017,7982.328,8690.854,10989.586,9817.787,10491.793,13427.08,11753.828,12200.716,12139.746,12068.504,10873.719,10386.313,9789.709,9751.84,8938.488,7796.806,8425.095,8110.429,6350.881,5507.59,4487.581,4374.234,4722.107,7196.287,6892.583,5250.469,5459.105,3309.779,3679.776,3774.835
Q,Quarterly,S,Amounts outstanding / Stocks,C,Total claims,A,All instruments,JPY,Yen,A,All currencies (=D+F+U),5J,All countries (total),A,"All reporting banks/institutions (domestic, foreign, consortium and unclassified)",5A,All reporting countries,A,All sectors,JP,Japan,N,Cross-border,,,E,End of period,,,Q:S:C:A:JPY:A:5J:A:5A:A:JP:N,889,2416,2157,2604,2233,1996,1493,1383,1223,2150,4096,4122,3762,4809,3918,4041,4808,4480,4655,4097,4893,5672,5378,5416,7025,9015,12683,11878,15126,18749,22826,24592,36229,41463,50237,64310,81242,118350,129193,178389,233201,233600,232408,305137,280760,268040,257860,308683,319843,282103,297644,356288,352868,341148,323994,321446,396273,349452,328019,374086,328437,359042,326317,371665,351664,375431,361077,387329,405433,486417,506542,481823,471482,435885,407922,407072,405986,381154,423213,387399,370209,343333,317042,314442,428311,313931,294211,308371,322969,289908,292533,264266,271403,236174,232109,225734,213913,182650,242257,215867,239564,227153,255102,265674,276548,296737,305113,303410,349843,304440,323086,303817,307686,298871,286529,281219,270632,283103,286908,314325,331094,406697,326741,336098,329708,235711.5,283170,276675,244258,230098,239416,290492,302676,277042.053,265592,331540,343750,342307.976,328026.428,330691.568,302022.659,295222.892,272943.087,327488.559,323899.881,338486.811,363981.776,385473.175,415947.759,406255.016,396295.402,419636.108,431663.566,511644.192,536583.631,584529.002,522039.407,502517.867,477201.768,569130.986,539900.254,629770.689,646485.026,645064.662,596230.661,647846.673,674146.071,723803.932,626954.933,795857.438,793755.628,865804.215,785450.501,834480.766,758906.238,730117.274,618661.73,771467.508,767644.143,725865.592,749783.656,835842.38
Q,Quarterly,S,Amounts outstanding / Stocks,C,Total claims,A,All instruments,TO1,All currencies,A,All currencies (=D+F+U),5J,All countries (total),A,"All reporting banks/institutions (domestic, foreign, consortium and unclassified)",5A,All reporting countries,A,All sectors,JP,Japan,N,Cross-border,,,E,End of period,,,Q:S:C:A:TO1:A:5J:A:5A:A:JP:N,29575,32960,32437,33962,38248,38908,39959,48149,49409,56391,60947,65019,69107,76111,73588,77374,81242,82205,75222,75585,77326,82045,80555,86642,106671,113929,110799,118022,119198,130129,128000,146867,167528,191296,210472,262636,331964,384560,445308,514631,608768,655712,669808,759473,804625,835728,791641,891201,938547,914010,932816,1021924,1054692,998401,978543,979977,1026757,933837,912229,951276,894669,893806,863025,916636,877919,886238,896299,926652,945331,1026853,1089656,1046158,1021581,970188,933245,929314,925773,911201,958277,903813,912381,788375,737568,733079,846893,660865,594515,610364,622904,562572,572674,546092,575894,549779,523147,512614,518081,462456,516686,512913,574071,574114,628356,607642,613320,633281,667726,667937,749099,631964,649098,636669,670796,633784,650360,651314,645233,638202,622724,641644,662716,795009,662482,655577,679147,615904,727936,735326,684348,669467,687474,794723,811611,791455,768706,837550,901107,969429,957282.992,1004382.18,1016626.061,972178.486,889469.107,996116.131,999546.325,1011178.102,1043936.307,1070043.226,1095314.8,1098399.352,1080147.092,1118201.336,1176315.065,1272947.283,1320103.312,1365777.773,1340514.451,1299439.585,1269114.405,1379500.943,1326164.74,1380468.971,1393460.684,1393919.548,1340381.466,1390207.002,1434919.477,1502141.027,1467034.177,1663386.167,1661527.712,1797754.541,1750369.389,1771166.702,1705706.333,1666497.803,1554452.179,1694067.077,1654893.582,1613276.625,1613786.387,1624667.498
Q,Quarterly,S,Amounts outstanding / Stocks,C,Total claims,A,All instruments,TO1,All currencies,A,All currencies (=D+F+U),5J,All countries (total),A,"All reporting banks/institutions (domestic, foreign, consortium and unclassified)",AT,Austria,A,All sectors,JP,Japan,N,Cross-border,,,E,End of period,,,Q:S:C:A:TO1:A:5J:A:AT:A:JP:N,NaN,NaN,NaN,NaN,NaN,NaN,NaN,NaN,NaN,NaN,NaN,NaN,NaN,NaN,NaN,NaN,NaN,NaN,NaN,NaN,NaN,NaN,NaN,NaN,NaN,NaN,NaN,NaN,NaN,NaN,NaN,NaN,NaN,NaN,NaN,NaN,NaN,NaN,NaN,NaN,NaN,NaN,NaN,NaN,NaN,NaN,NaN,NaN,NaN,NaN,NaN,NaN,NaN,NaN,NaN,NaN,NaN,NaN,NaN,NaN,NaN,NaN,NaN,NaN,NaN,NaN,NaN,NaN,NaN,NaN,NaN,NaN,NaN,NaN,NaN,NaN,NaN,NaN,NaN,NaN,NaN,NaN,NaN,NaN,NaN,NaN,NaN,NaN,NaN,NaN,NaN,NaN,NaN,NaN,NaN,NaN,NaN,NaN,NaN,NaN,NaN,NaN,NaN,NaN,NaN,NaN,NaN,NaN,NaN,NaN,NaN,NaN,NaN,NaN,NaN,NaN,NaN,NaN,NaN,344,341,244,524,554,310,409,703,306,526,265,294,490,374,358,230,225,203,207,167.846,147.99,140.783,71.671,72.396,122.073,174.824,97.438,95.646,158.056,298.643,69.487,133.756,115.125,65.673,179.275,159.971,80.603,77.361,101.306,107.645,97.395,73.211,160.517,726.513,614.627,685.559,846.259,802.852,627.788,1013.355,837.162,1101.798,1162.789,1160.163,1586.65,1292.494,1365.085,1344.155,1237.371,1833.896,1761.008,1617.253,1723.571
Q,Quarterly,S,Amounts outstanding / Stocks,C,Total claims,A,All instruments,TO1,All currencies,A,All currencies (=D+F+U),5J,All countries (total),A,"All reporting banks/institutions (domestic, foreign, consortium and unclassified)",AU,Australia,A,All sectors,JP,Japan,N,Cross-border,,,E,End of period,,,Q:S:C:A:TO1:A:5J:A:AU:A:JP:N,,,,,,,,,,,,,,,,,,,,,,,,,,,,,,,,,,,,,,,,,,,,,,,,,,,,,,,,,,,,,,,,,,,,,,,,,,,,,,,,,1093,1232,858,775,978,772,453,283,458,919,649,917,1309,705,1066,1101,1219,1283,1276,891,2240,2300,2566,2880,3803,5956,4406,4196,5467,4918,3788,3519,2176,2086,2627,2492,2498,2697,3466,3852,4093,5076,3632,4196,7326,4979,5156,4111,4281,3756,4505,4700,3328,3673,3211,4986,4592,5446,6244.421,4823.564,5862.105,6345.753,7038.454,4917.503,5967.951,3729.039,7101.304,5098.22,10178.491,7685.967,9536.917,8992.951,15128.893,15669.77,14101.835,12370.19,15359.633,9882.591,9875.91,10945.387,17174.719,16923.165,18751.638,16521.001,15833.186,16677.203,19156.792,22330.979,24228.225,26863.276,24962.039,29372.594,34079.988,25397.881,23568.2,25425.274,24722.347,24352.055,31387.57,27197.544,28173.149,28503.818
Q,Quarterly,S,Amounts outstanding / Stocks,C,Total claims,A,All instruments,TO1,All currencies,A,All currencies (=D+F+U),5J,All countries (total),A,"All reporting banks/institutions (domestic, foreign, consortium and unclassified)",BE,Belgium,A,All sectors,JP,Japan,N,Cross-border,,,E,End of period,,,Q:S:C:A:TO1:A:5J:A:BE:A:JP:N,731,1291,1435,1785,1925,2764,2409,2996,2631,2766,3085,3475,3597,4612,3749,4234,5014,5768,4342,4484,5493,5386,6120,6478,7783,8565,7472,8190,7652,7193,12106,14365,14489,15747,14618,21583,25358,25054,29562,30971,36143,34690,27228,32081,33247,32991,34053,34633,43420,36587,45299,33859,48238,44323,53597,43351,42537,37019,46043,41180,33780,40920,33812,32207,27345,22201,26483,30737,33179,39531,45563,35141,33391,44550,39430,41183,39322,33670,45210,44634,28547,24060,24128,24996,21850,13298,3054,3632,2908,2734,3961,1889,1751,1414,2009,1726,2137,1582,2127,1552,1625,6149,5431,4658,4045,4185,3362,2672,3501,3875,3476,3845,3666,4192,4421,4703,3207,3551,3297,2802,3299,2996,3684,4076,9305,7296,6821,8204,6653,3991,5005,9748,6124,6131,5539,6305,7034,7311,8915,8696,8042,7828,8696,12225,9272.821,8223.905,12540.401,9004.486,11297.588,10830.936,12904.474,9717.957,3961.926,11639.327,9346.881,15843.123,13344.729,13317.205,6889.57,4506.417,5411.524,4072.776,5903.044,6956.9,5828.643,6363.397,5415.882,6489.699,9182.522,6870.089,8374.6,9169.361,7230.402,8242.481,10720.983,8326.272,5847.816,12789.152,10275.593,9879.443,7599.668,12890.721
Q,Quarterly,S,Amounts outstanding / Stocks,C,Total claims,A,All instruments,TO1,All currencies,A,All currencies (=D+F+U),5J,All countries (total),A,"All reporting banks/institutions (domestic, foreign, consortium and unclassified)",BR,Brazil,A,All sectors,JP,Japan,N,Cross-border,,,E,End of period,,,Q:S:C:A:TO1:A:5J:A:BR:A:JP:N,,,,,,,,,,,,,,,,,,,,,,,,,,,,,,,,,,,,,,,,,,,,,,,,,,,,,,,,,,,,,,,,,,,,,,,,,,,,,,,,,,,,,,,,,,,,,,,,,,,,,126,183,97,134,338,188,200,175,351,161,137,643,847,421,223,297,149,1138,1463,1413,634,449,344,200,296,239,759,273,191,188,256,215,194,1781,151,184,174,150,156,168,214,180,147,181,199,213,239,213,305,178,295,295,197,350,357,845,480,709,463,461,498,1037,729,367,528,426,419,494,443,470,371,483,435,403,543,433,494,258.207,218.244,214.855,246.042,291.847
Q,Quarterly,S,Amounts outstanding / Stocks,C,Total claims,A,All instruments,TO1,All currencies,A,All currencies (=D+F+U),5J,All countries (total),A,"All reporting banks/institutions (domestic, foreign, consortium and unclassified)",CA,Canada,A,All sectors,JP,Japan,N,Cross-border,,,E,End of period,,,Q:S:C:A:TO1:A:5J:A:CA:A:JP:N,NaN,NaN,NaN,NaN,NaN,NaN,NaN,NaN,NaN,NaN,NaN,NaN,NaN,NaN,NaN,NaN,NaN,NaN,NaN,NaN,NaN,NaN,NaN,NaN,NaN,NaN,NaN,NaN,NaN,NaN,NaN,NaN,NaN,NaN,NaN,NaN,NaN,NaN,NaN,NaN,NaN,NaN,NaN,NaN,NaN,NaN,NaN,NaN,NaN,NaN,NaN,NaN,NaN,NaN,NaN,NaN,NaN,NaN,NaN,NaN,NaN,NaN,NaN,NaN,NaN,NaN,NaN,NaN,NaN,NaN,NaN,NaN,NaN,NaN,NaN,NaN,NaN,NaN,NaN,NaN,NaN,NaN,NaN,NaN,NaN,NaN,NaN,NaN,NaN,NaN,NaN,NaN,NaN,NaN,NaN,NaN,NaN,NaN,NaN,NaN,NaN,NaN,NaN,NaN,NaN,NaN,NaN,NaN,NaN,NaN,NaN,NaN,NaN,NaN,NaN,NaN,NaN,NaN,NaN,429,403,404,440,487,459,636,460,382,605,374,367,NaN,NaN,NaN,NaN,5673,7540,NaN,NaN,NaN,NaN,5229.504,NaN,7831.156,9361.556,8773.442,9500.117,9230.584,12238.168,12221.854,11620.533,12263.743,14050.861,15188.901,14599.223,14710.233,16466.498,16513.933,16269.236,20104.831,24786.519,25285.945,26177.553,26703.127,34966.036,23440.467,26284.843,26451.481,31262.336,23875.739,32465.584,30899.536,39809.847,32842.006,32158.833,27508.392,42937.167,41057.584,39784.673,41184.529,47345.906,40733.038
Q,Quarterly,S,Amounts outstanding / Stocks,C,Total claims,A,All instruments,TO1,All currencies,A,All currencies (=D+F+U),5J,All countries (total),A,"All reporting banks/institutions (domestic, foreign, consortium and unclassified)",CH,Switzerland,A,All sectors,JP,Japan,N,Cross-border,,,E,End of period,,,Q:S:C:A:TO1:A:5J:A:CH:A:JP:N,367,375,506,685,971,909,1196,1357,1203,1018,949,1073,825,898,849,762,482,303,387,390,318,332,637,586,393,641,554,521,519,703,594,1019,841,1412,1324,1488,2279,2628,2918,3328,3977,5244,5751,5083,6039,4960,4349,4242,4986,4951,5320,6677,10488,9383,8396,8538,11545,9387,8612,8782,6564,6160,6441,5622,5756,6933,7025,7466,7395,12494,9679,8155,8297,7653,9227,9351,13137,10491,10320,12573,13876,14328,13261,23049,28809,27363,39988,22438,27038,21004,20112,20744,43301,45379,45254,39688,33613,15424,30251,23233,19916,7636,11577,12167,12071,19098,15308,16010,20821,17902,19501,18120,21442,21135,33623,28245,34278,34004,39717,46981,44081,43483,39331,35305,46117,28893,33016,22258,22592,21262,25528,8389,12821,4578,3795,3239,5318,4026,5712,4602,5483,3085,6503,9695.064,9287.762,9119.164,10752.667,10067.67,10208.82,10368.618,4525.771,4867.983,6456.158,4152.322,3565.32,4631.464,5842.706,3318.434,4560.506,5417.98,5056.072,6695.978,5269.821,6174.949,7623.027,7723.32,6781.613,6745.678,4573.499,11064.097,6691.042,5214.538,14716.555,14501.241,12554.707,11620.982,12486.092,21153.565,22181.854,23613.329,14837.623,7878.601
Q,Quarterly,S,Amounts outstanding / Stocks,C,Total claims,A,All instruments,TO1,All currencies,A,All currencies (=D+F+U),5J,All countries (total),A,"All reporting banks/institutions (domestic, foreign, consortium and unclassified)",CL,Chile,A,All sectors,JP,Japan,N,Cross-border,,,E,End of period,,,Q:S:C:A:TO1:A:5J:A:CL:A:JP:N,,,,,,,,,,,,,,,,,,,,,,,,,,,,,,,,,,,,,,,,,,,,,,,,,,,,,,,,,,,,,,,,,,,,,,,,,,,,,,,,,,,,,,,,,,,,,,,,,,,,,21,17,25,39,48,40,32,24,30,12,25,41,18,11,95,64,44,41,17,45,20,79,53,10,74,44,23,27,65,18,25,23,22,42,19,18,38,51,120,19,31,44,104,21,33,21.078,18.273,108.164,59.474,59.246,74.96,44.915,46.955,24.624,85.717,19.209,171.875,182.74,117.959,125.4,141.614,100.703,29.492,126.626,40.042,55.865,89.667,92.777,123.075,133.284,172.541,196.964,111.091,132.287,152.372,214.741,110.589,47.841,72.525,55.178,45.868,104.017
Q,Quarterly,S,Amounts outstanding / Stocks,C,Total claims,A,All instruments,TO1,All currencies,A,All currencies (=D+F+U),5J,All countries (total),A,"All reporting banks/institutions (domestic, foreign, consortium and unclassified)",DE,Germany,A,All sectors,JP,Japan,N,Cross-border,,,E,End of period,,,Q:S:C:A:TO1:A:5J:A:DE:A:JP:N,484,498,520,642,768,770,703,919,764,749,776,864,917,1538,1053,920,806,674,805,768,931,978,1231,1274,1216,1577,1655,1878,1957,2426,2377,2817,3735,3875,3737,3935,4306,5342,6129,6551,7243,6918,6372,8475,10159,9421,12988,15878,16941,15536,15135,17523,18241,19363,17645,16824,20319,17790,19861,18734,18628,20393,22484,19305,20064,18129,15620,17588,17455,18780,19415,24966,26117,27486,30791,30858,28229,29075,28663,22700,31319,26500,28897,29823,43112,26107,24434,25573,25556,26006,26548,25170,26880,25479,22341,23216,24874,27794,27870,29658,36250,33657,47007,48159,45064,50689,54834,56712,56319,38329,38259,42719,43945,31027,26910,23603,18786,18956,21400,19710,22666,28397,29843,33230,26221,20019,22534,24545,24578,22847,21890,28206,22427,19743,22852,18413,17127,15835,16809,16275,16895,13321,17358,14172,15138,16111,17778,13436,8946,11087,16615,20726,16330,21943,14220,13568,18409,21658,26486,20893,15387,17126,26263,18958,34083,24439,23253,15873,26638,26171,43087,48329,27412,24248,19811,21205,20733,20661,23558,21524,24445,20101
Q,Quarterly,S,Amounts outstanding / Stocks,C,Total claims,A,All instruments,TO1,All currencies,A,All currencies (=D+F+U),5J,All countries (total),A,"All reporting banks/institutions (domestic, foreign, consortium and unclassified)",DK,Denmark,A,All sectors,JP,Japan,N,Cross-border,,,E,End of period,,,Q:S:C:A:TO1:A:5J:A:DK:A:JP:N,5,5,2,13,24,7,25,22,6,6,7,7,4,7,5,6,2,15,6,10,13,16,6,13,22,9,12,3,26,26,7,34,38,25,49,13,134,182,135,140,266,415,471,605,630,752,481,501,1147,828,606,985,949,945,718,768,502,424,530,689,434,784,365,510,456,668,432,398,722,548,1161,915,617,356,427,612,551,321,446,1135,1499,1966,620,2090,2214,1497,1209,946,488,2184,3105,2130,3778,3117,1780,917,79,85,25,15,14,18,-11,120,93,35,36,181,94,116,95,200,166,177,167,130,369,108,213,186,224,296,300,235,139,197,219,321,222,194,236,306,190,167,214,304,184,472,280.058,200.154,232.122,190.808,218.319,205.064,435.606,376.547,522.007,533.474,500.797,805.168,759.782,473.575,447.694,551.552,455.77,443.299,440.931,388.799,445.359,490.172,519.747,637.179,585.31,582.807,561.57,484.075,476.538,469.3,435.714,497.374,628.449,597.444,783.267,800.593,847.195,816.478,876.991,338.62,500.878,500.878,500.878,500.878
Q,Quarterly,S,Amounts outstanding / Stocks,C,Total claims,A,All instruments,TO1,All currencies,A,All currencies (=D+F+U),5J,All countries (total),A,"All reporting banks/institutions (domestic, foreign, consortium and unclassified)",ES,Spain,A,All sectors,JP,Japan,N,Cross-border,,,E,End of period,,,Q:S:C:A:TO1:A:5J:A:ES:A:JP:N,,,,,,,,,,,,,,,,,,,,,,,,,NaN,NaN,NaN,NaN,NaN,NaN,NaN,NaN,NaN,NaN,NaN,NaN,NaN,NaN,NaN,NaN,NaN,NaN,NaN,NaN,NaN,NaN,NaN,NaN,NaN,NaN,NaN,NaN,NaN,NaN,NaN,NaN,NaN,NaN,NaN,NaN,NaN,NaN,NaN,NaN,NaN,NaN,NaN,NaN,NaN,NaN,NaN,NaN,NaN,NaN,NaN,NaN,NaN,NaN,NaN,NaN,NaN,NaN,NaN,NaN,NaN,NaN,NaN,NaN,NaN,NaN,NaN,NaN,NaN,NaN,NaN,NaN,NaN,NaN,NaN,NaN,NaN,NaN,NaN,NaN,NaN,NaN,NaN,NaN,NaN,NaN,NaN,NaN,NaN,NaN,NaN,NaN,NaN,NaN,NaN,NaN,NaN,NaN,NaN,NaN,NaN,NaN,NaN,NaN,NaN,NaN,NaN,NaN,NaN,NaN,NaN,NaN,NaN,NaN,NaN,NaN,NaN,NaN,NaN,NaN,NaN,902.786,928.893,743.304,780.593,753.995,724.033,860.579,666.957,1249.463,655.76,608.897,452.491,517.58,645.949,749.259,428.978,557.925,642.159,368.542,502.993,574.248,2820.425,3554.707,4386.257,4486.392,4301.456,3965.73,6086.199,9432.681,8921.411,7199.076,6934.472,7109.131,6357.243,5862.267,4621.427,4786.953
Q,Quarterly,S,Amounts outstanding / Stocks,C,Total claims,A,All instruments,TO1,All currencies,A,All currencies (=D+F+U),5J,All countries (total),A,"All reporting banks/institutions (domestic, foreign, consortium and unclassified)",FI,Finland,A,All sectors,JP,Japan,N,Cross-border,,,E,End of period,,,Q:S:C:A:TO1:A:5J:A:FI:A:JP:N,,,,,,,,,,,,,,,,,,,,,,,,,25,32,32,37,44,236,66,241,193,195,231,285,258,275,350,379,529,587,529,685,473,575,512,589,427,532,877,1082,417,694,802,923,455,295,199,317,130,331,241,383,217,124,178,276,395,444,249,276,217,280,512,608,460,455,622,437,361,401,170,181,119,72,86,41,44,81,86,66,50,41,43,49,84,37,95,49,62,37,48,70,355,57,45,122,133,214,116,125,35,43,147,44,26,26,40,22,21,17,12,5,45,11,17,8,10,9,41,25,22,38,38,67,120,56,93.683,124.341,60.954,34.707,28.353,94.342,32.405,33.215,59.984,86.539,205.141,97.773,292.782,330.945,85.366,171.586,171.518,147.264,195.513,101.472,116.688,132.124,98.449,118.308,154.264,241.95,216.91,227.049,177.832,169.399,138.534,160.054,130.19,168.363,174.982,408.944,1258.447,628.3,199.875,204.315,1583.533,832.444,241.837,908.949
Q,Quarterly,S,Amounts outstanding / Stocks,C,Total claims,A,All instruments,TO1,All currencies,A,All currencies (=D+F+U),5J,All countries (total),A,"All reporting banks/institutions (domestic, foreign, consortium and unclassified)",FR,France,A,All sectors,JP,Japan,N,Cross-border,,,E,End of period,,,Q:S:C:A:TO1:A:5J:A:FR:A:JP:N,496,813,796,799,1488,1424,881,1159,1381,1598,1720,1955,2157,2401,2405,2327,2248,2347,1646,1680,1992,2773,1976,2623,2679,2553,2217,2146,2342,3656,3900,3838,4685,4565,5626,6166,8586,12640,15681,17969,17121,21271,21738,32175,33629,47622,48443,54849,55090,67889,67414,80359,85375,80498,73302,76004,79659,74758,62571,59843,63999,62871,60908,67797,74776,60832,61862,65657,69028,80031,78798,73431,77656,82381,73804,76620,75602,67226,55455,61551,58400,52057,46164,46873,58030,41936,31520,32195,35688,30291,23596,23971,29818,28549,32125,29156,26936,22659,27298,23592,30598,30726,35488,39573,40682,49568,50201,44303,57571,64871,68694,66106,80402,90700,82885,72988,64142,74297,68989,69833,68277,94222,75440,74419,85707,72235,68245,72110,62831,55824,51173,64568,71850,80850,80769,72842,79250,102788,82865,90423,84020,91662,84931,115688,120457,129059,129254,167870,175548,171267,146088,159177,149348,184616,193729,221014,185334,169970,158388,201731,178580,229326,245150,241578,187625,226782,257982,318251,217786,342737,303234,352675,321087,401581,361002,349484,262904,381689,353193,295429,254134,321284
Q,Quarterly,S,Amounts outstanding / Stocks,C,Total claims,A,All instruments,TO1,All currencies,A,All currencies (=D+F+U),5J,All countries (total),A,"All reporting banks/institutions (domestic, foreign, consortium and unclassified)",GB,United Kingdom,A,All sectors,JP,Japan,N,Cross-border,,,E,End of period,,,Q:S:C:A:TO1:A:5J:A:GB:A:JP:N,12250,13183,12217,13164,14316,14911,16415,20816,20721,24135,26910,30672,34719,37106,33629,38250,38598,40776,31110,32398,NaN,36067,34867,39976,36762,43052,39006,43125,40829,46148,44410,55487,62879,70871,79832,105872,115875,128462,142394,150038,173689,183202,185281,204818,212278,215091,194346,213963,211923,205859,199956,223996,223044,205458,194190,193464,186881,162938,154282,153953,144393,138601,130111,141554,142160,139707,148777,161400,154792,162965,157589,170562,166498,149065,143986,142568,150691,166359,172792,156781,188675,158410,158513,181063,239302,179990,157021,185145,180331,171393,185504,187380,175772,160437,163558,158069,164219,147706,176322,181498,222010,223045,251004,226721,233603,230744,251796,259121,303161,239033,242969,219051,206939,200294,195368,207328,205753,200616,206516,225924,260676,320632,249104,242003,204170,175970,221746,223322,197890,205441,201967,244435,247052,244991,253297,295845,314739,333244,326035,324704,334434,338912,315589,335225,320066,313182,322533,310652,302050,266724,261358,256121,269298,281058,307066,306916,297463,299386,296392,333406,307653,346992,339758,351048,344607,351705,372940,357199,332361,392276,373904,374058,352110,363256,365868,350513,292871,353963,355488,361347,357330,382217
Q,Quarterly,S,Amounts outstanding / Stocks,C,Total claims,A,All instruments,TO1,All currencies,A,All currencies (=D+F+U),5J,All countries (total),A,"All reporting banks/institutions (domestic, foreign, consortium and unclassified)",GG,Guernsey,A,All sectors,JP,Japan,N,Cross-border,,,E,End of period,,,Q:S:C:A:TO1:A:5J:A:GG:A:JP:N,,,,,,,,,,,,,,,,,,,,,,,,,,,,,,,,,,,,,,,,,,,,,,,,,,,,,,,,,,,,,,,,,,,,,,,,,,,,,,,,,,,,,,,,,,,,,,,,,428,558,766,577,570,590,676,547,679,745,659,773,684,603,735,721,747,634,608,636,241,226,220,223,315,536,250,236,235,18,118,51,22,279,40,142,131,130,185,145,155,226,107,303,303,282,336,334,420,434,395.349,377.975,376.456,426.012,408.98,403.209,296.91,378.536,286.643,275.023,154.601,247.457,196.746,199.111,166.21,180.72,195.43,158.916,145.657,107.002,299.947,467.96,294.679,565.186,674.119,766.81,829.603,780.107,501.917,489.828,393.971,400.079,653.964,633.412,672.342,778.827
Q,Quarterly,S,Amounts outstanding / Stocks,C,Total claims,A,All instruments,TO1,All currencies,A,All currencies (=D+F+U),5J,All countries (total),A,"All reporting banks/institutions (domestic, foreign, consortium and unclassified)",GR,Greece,A,All sectors,JP,Japan,N,Cross-border,,,E,End of period,,,Q:S:C:A:TO1:A:5J:A:GR:A:JP:N,,,,,,,,,,,,,,,,,,,,,,,,,,,,,,,,,,,,,,,,,,,,,,,,,,,,,,,,,,,,,,,,,,,,,,,,,,,,,,,,,,,,,,,,,,,,,,,,,,,,,,,,,,,,,,115,17,43,25,124,140,78,95,321,562,613,662,16,20,47,21,22,30,53,32,28,140,42,40,70,83,74,95,48,85,93,129,95,70,101,37,36,42.819,44.649,61.989,36.128,41.098,25.348,21.126,21.295,24.186,20.669,25.902,32.618,29.532,21.683,33.45,48.362,45,28.141,34.665,28.39,35,34,40,33,36,44,39,32,42,45,34,10,7.879,5.805,6.71,7.171
Q,Quarterly,S,Amounts outstanding / Stocks,C,Total claims,A,All instruments,TO1,All currencies,A,All currencies (=D+F+U),5J,All countries (total),A,"All reporting banks/institutions (domestic, foreign, consortium and unclassified)",HK,Hong Kong SAR,A,All sectors,JP,Japan,N,Cross-border,,,E,End of period,,,Q:S:C:A:TO1:A:5J:A:HK:A:JP:N,,,,,,,,,,,,,,,,,,,,,,,,,NaN,NaN,NaN,NaN,NaN,NaN,NaN,NaN,NaN,NaN,NaN,NaN,NaN,NaN,NaN,NaN,NaN,NaN,NaN,NaN,NaN,NaN,NaN,NaN,NaN,NaN,NaN,NaN,NaN,NaN,NaN,NaN,NaN,NaN,NaN,NaN,NaN,NaN,NaN,NaN,NaN,NaN,NaN,NaN,NaN,NaN,NaN,NaN,NaN,NaN,NaN,NaN,NaN,NaN,NaN,NaN,NaN,NaN,NaN,NaN,NaN,NaN,NaN,NaN,NaN,NaN,NaN,NaN,NaN,NaN,NaN,NaN,NaN,NaN,NaN,NaN,NaN,NaN,NaN,NaN,NaN,NaN,NaN,NaN,NaN,NaN,NaN,NaN,NaN,NaN,NaN,NaN,NaN,NaN,NaN,NaN,NaN,NaN,NaN,NaN,NaN,NaN,NaN,NaN,NaN,NaN,NaN,NaN,NaN,NaN,NaN,NaN,NaN,NaN,NaN,NaN,NaN,NaN,NaN,NaN,NaN,NaN,NaN,NaN,93589.839,115525.179,118385.732,122498.613,134876.589,156327.207,146964.362,176725.467,162627.16,148539.64,147527.091,162552.241,174766.829,181029.94,189220.112,178599.515,158712.663,175310.868,173694.188,174368.656,181521.509,164806.834,164679.48,178511.125,187048.24,194530.161,195016.608,201638.85,197488.587,187221.3,203782.081,206725.385,207833.888,212784.309
Q,Quarterly,S,Amounts outstanding / Stocks,C,Total claims,A,All instruments,TO1,All currencies,A,All currencies (=D+F+U),5J,All countries (total),A,"All reporting banks/institutions (domestic, foreign, consortium and unclassified)",IE,Ireland,A,All sectors,JP,Japan,N,Cross-border,,,E,End of period,,,Q:S:C:A:TO1:A:5J:A:IE:A:JP:N,4,,,,2,1,1,13,6,1,2,7,6,3,8,8,3,3,5,21,3,7,7,5,6,11,3,3,2,6,2,5,7,,2,17,14,35,63,71,84,27,79,38,45,35,118,117,200,140,179,160,215,248,228,183,235,172,402,520,742,458,308,708,579,437,651,672,552,627,610,569,449,652,761,749,869,1088,951,1027,1043,1498,1008,1259,1357,1300,744,1061,1030,1475,1969,1838,2253,2272,2551,2866,3176,3136,2944,2762,2787,3052,2535,2948,3422,3743,4227,4924,11073,10160,13492,14996,11556,10891,11579,12012,15140,20218,17020,15397,15080,19002,18628,16588,23004,16236,16611,17405,18398,16659,16563,16575,4652,3931,5297,5891,5221,4795,4589,4695,4437.593,4061.563,3850.346,3799.052,3810.438,3802.861,3698.931,3645.392,3038.049,3385.459,3361.314,3129.787,3196.484,4307.959,4569.416,3295.209,4164.583,3728.783,5435.262,5342.938,4196.165,5407.428,4161.657,3068.118,3920.078,2949.163,5492.549,4750.808,4823.953,4405.281,2785.192,2502.367,2458.058,2042.9,2300.614,2528.087,2441.262,2378.158,1961.238,2142.245,2303.205,2380.967
Q,Quarterly,S,Amounts outstanding / Stocks,C,Total claims,A,All instruments,TO1,All currencies,A,All currencies (=D+F+U),5J,All countries (total),A,"All reporting banks/institutions (domestic, foreign, consortium and unclassified)",IM,Isle of Man,A,All sectors,JP,Japan,N,Cross-border,,,E,End of period,,,Q:S:C:A:TO1:A:5J:A:IM:A:JP:N,,,,,,,,,,,,,,,,,,,,,,,,,,,,,,,,,,,,,,,,,,,,,,,,,,,,,,,,,,,,,,,,,,,,,,,,,,,,,,,,,,,,,,,,,,,,,,,,,100,9,9,25,44,3,50,909,78,6,6,32,7,8,6,5,5,6,106,6,4,25,24,11,10,159,147,148,134,85,88,8,6,6,5,7,7,5,6,6,6,5,5,5,4,95,34,84,118.81,110.534,132.277,43.385,44.926,27.545,56.565,69.255,68.222,66.234,66.238,71.029,110.39,137.227,132.393,171.201,239.873,284.032,153.019,121.711,86.961,112.775,205.318,122.343,122.343,122.343,122.343,122.343,122.343,166.773,148.183,188.254,164.471,327.475,138.476,155.318,157.107,305.847
Q,Quarterly,S,Amounts outstanding / Stocks,C,Total claims,A,All instruments,TO1,All currencies,A,All currencies (=D+F+U),5J,All countries (total),A,"All reporting banks/institutions (domestic, foreign, consortium and unclassified)",IT,Italy,A,All sectors,JP,Japan,N,Cross-border,,,E,End of period,,,Q:S:C:A:TO1:A:5J:A:IT:A:JP:N,NaN,NaN,NaN,NaN,NaN,NaN,NaN,NaN,NaN,NaN,NaN,NaN,NaN,NaN,NaN,NaN,NaN,NaN,NaN,NaN,NaN,NaN,NaN,NaN,NaN,NaN,NaN,NaN,NaN,NaN,NaN,NaN,NaN,NaN,NaN,NaN,NaN,NaN,NaN,NaN,NaN,NaN,NaN,NaN,NaN,NaN,NaN,NaN,NaN,NaN,NaN,NaN,NaN,NaN,NaN,NaN,NaN,NaN,NaN,NaN,NaN,NaN,NaN,NaN,NaN,NaN,NaN,NaN,NaN,NaN,NaN,NaN,NaN,NaN,NaN,NaN,NaN,NaN,NaN,NaN,NaN,NaN,NaN,NaN,NaN,NaN,NaN,NaN,NaN,NaN,NaN,NaN,NaN,NaN,NaN,NaN,NaN,NaN,NaN,NaN,NaN,NaN,NaN,NaN,NaN,NaN,NaN,NaN,NaN,NaN,NaN,NaN,NaN,NaN,NaN,NaN,NaN,NaN,NaN,NaN,NaN,NaN,NaN,NaN,NaN,NaN,NaN,NaN,NaN,NaN,NaN,NaN,NaN,NaN,NaN,NaN,NaN,NaN,NaN,NaN,NaN,NaN,NaN,NaN,NaN,NaN,NaN,NaN,491.235,386.591,759.073,856.965,404.222,696.58,514.158,510.511,493,611.514,587.601,702.493,1698.329,3173.676,3419.332,3200.816,3356.031,3704.009,4317.188,5193.209,5376.796,6724.444,7386.116,7762.79,8689.579,8553.548,8934.618,9201.974,10459.9,10814.428,9831.123,9014.32,9150.363,8401.631
Q,Quarterly,S,Amounts outstanding / Stocks,C,Total claims,A,All instruments,TO1,All currencies,A,All currencies (=D+F+U),5J,All countries (total),A,"All reporting banks/institutions (domestic, foreign, consortium and unclassified)",JE,Jersey,A,All sectors,JP,Japan,N,Cross-border,,,E,End of period,,,Q:S:C:A:TO1:A:5J:A:JE:A:JP:N,,,,,,,,,,,,,,,,,,,,,,,,,,,,,,,,,,,,,,,,,,,,,,,,,,,,,,,,,,,,,,,,,,,,,,,,,,,,,,,,,,,,,,,,,,,,,,,,,1049,485,525,1167,943,657,686,656,381,440,335,878,161,142,694,139,110,3432,2585,4752,2103,66,87,100,258,147,161,118,212,93,92,60,83,60,116,237,592,354,401,410,386,244,337,243,388,267,156,254,203,115,134,85,81,47,41,34,27,36,71,72,83,90,141,82,57,62,179,99,100,144,90,256,113,166,166,101,116,101,76,75,84,66,65,60,60,65
Q,Quarterly,S,Amounts outstanding / Stocks,C,Total claims,A,All instruments,TO1,All currencies,A,All currencies (=D+F+U),5J,All countries (total),A,"All reporting banks/institutions (domestic, foreign, consortium and unclassified)",KR,Korea,A,All sectors,JP,Japan,N,Cross-border,,,E,End of period,,,Q:S:C:A:TO1:A:5J:A:KR:A:JP:N,,,,,,,,,,,,,,,,,,,,,,,,,,,,,,,,,,,,,,,,,,,,,,,,,,,,,,,,,,,,,,,,,,,,,,,,,,,,,,,,,,,,,,,,,,,,,,,,,,,,,,,,,,,,,,2488,2804,2510,2235,2614,2902,2993,2470,2963,2536,2763,2453,3924,3452,2926,3397,3290,3192,3240,2370,3006,2954,2879,3222,3380,2809,3057,3240,3477,2872,3331,3238,3191,2997,4237,4006.391,3594.16,3968.301,3427.333,5425.754,4993.909,4558.006,5697.613,5204.021,5591.087,6123.352,6746.257,6561.522,6701.279,7103.307,6854.172,7964.9,8345.359,6271.392,7032.223,7619.53,7446.055,7582.958,8666.101,9709.641,7665.76,7416.566,6807.417,7562.691,7941.947,6884.412,6785.442,8243.089,6762.359,7784.067,8999.702,10757.463,8884.332
Q,Quarterly,S,Amounts outstanding / Stocks,C,Total claims,A,All instruments,TO1,All currencies,A,All currencies (=D+F+U),5J,All countries (total),A,"All reporting banks/institutions (domestic, foreign, consortium and unclassified)",LU,Luxembourg,A,All sectors,JP,Japan,N,Cross-border,,,E,End of period,,,Q:S:C:A:TO1:A:5J:A:LU:A:JP:N,156,164,138,109,174,117,126,148,141,189,145,153,101,90,61,77,107,85,85,108,NaN,162,91,209,363,265,374,408,302,433,278,469,428,805,587,951,754,1764,2826,2542,2676,3740,4639,4179,4861,5488,6402,7496,7646,7373,7359,9732,9884,9576,9556,9193,8597,9139,9091,9622,8261,8477,9324,9470,7543,8407,8804,10088,9019,8160,9934,10152,8797,9191,11386,9596,9699,11627,10473,9880,8362,7956,6472,6472,4619,2920,3301,2411,2134,2615,3334,2378,2266,2685,2816,3689,3505,3241,4618,4485,4866,5009,7111,8602,8817,12336,15826,11944,13351,13359,12405,10880,14333,13902,13018,15526,10871,8447,6207,6762,3687,3830,6401,7117,6136,4422,6662,7212,8119,2633,5780,5151,4243,6021,4404,3674,2979,4614,3192.659,3371.379,2832.099,4041.999,3998.672,4770.908,3819.966,7278.473,4948.608,6084.176,3948.654,5656.735,5606.817,5933.65,4809.889,5829.477,6843.552,5447.918,5369.48,5242.194,5613.43,7735.714,5644.643,5927.093,7174.768,8400.591,6230.465,7644.626,7280.381,6788.167,6391.682,8346.288,6648.935,6530.584,4431.295,6321.688,5652.632,6556.501,5068.583,8364.738,6424.988,5352.431,6827.597,6906.518
Q,Quarterly,S,Amounts outstanding / Stocks,C,Total claims,A,All instruments,TO1,All currencies,A,All currencies (=D+F+U),5J,All countries (total),A,"All reporting banks/institutions (domestic, foreign, consortium and unclassified)",MO,Macao SAR,A,All sectors,JP,Japan,N,Cross-border,,,E,End of period,,,Q:S:C:A:TO1:A:5J:A:MO:A:JP:N,,,,,,,,,,,,,,,,,,,,,,,,,,,,,,,,,,,,,,,,,,,,,,,,,,,,,,,,,,,,,,,,,,,,,,,,,,,,,,,,,,,,,,,,,,,,,,,,,,,,,,,,,848,829,812,794,774,1011,561,457,417,450,558,693,535,691,470,389,552,3388,2421,2716,1349,576,779,1996,2378,996,1012,1098,905,1156,1243,1015,757,827,811,724,1519,891,909,1050,884.428,779.731,566.988,445.367,491.791,673.051,718.002,2677.609,3102.255,3399.027,3361.213,2868.316,2104.501,4048.614,1367.906,425.664,1711.58,1674.786,1742.017,830.135,1775.751,2199.409,2352.449,832.933,4394.358,3855.802,1987.872,3321.58,1306.238,1171.565,1940.38,2224.134,1656.321,1536.215,1705.859,1942.483,1736.723,1904.771
Q,Quarterly,S,Amounts outstanding / Stocks,C,Total claims,A,All instruments,TO1,All currencies,A,All currencies (=D+F+U),5J,All countries (total),A,"All reporting banks/institutions (domestic, foreign, consortium and unclassified)",MX,Mexico,A,All sectors,JP,Japan,N,Cross-border,,,E,End of period,,,Q:S:C:A:TO1:A:5J:A:MX:A:JP:N,,,,,,,,,,,,,,,,,,,,,,,,,,,,,,,,,,,,,,,,,,,,,,,,,,,,,,,,,,,,,,,,,,,,,,,,,,,,,,,,,,,,,,,,,,,,,,,,,,,,,,,,,2,3,18,,1,1,10,89,66,342,476,313,190,55,157,220,185,235,333,200,103,16,206,2,303,145,84,35,69,131,68,49,46,65,29.013,75.441,48.236,55.54,64.96,43.716,176.297,101.369,132.461,142.584,77.397,140.877,59.873,37.934,97.892,147.722,61.666,118.917,104.304,323.151,460.336,330.162,399.295,24.926,171.557,57.147,136.727,55.361,41.834,36.91,46.172,35.316,41.633,114.386,42.483,45.608,149.846,118.331,114.704,322.169,217.4,385.878,143.636,1030.523
Q,Quarterly,S,Amounts outstanding / Stocks,C,Total claims,A,All instruments,TO1,All currencies,A,All currencies (=D+F+U),5J,All countries (total),A,"All reporting banks/institutions (domestic, foreign, consortium and unclassified)",NL,Netherlands,A,All sectors,JP,Japan,N,Cross-border,,,E,End of period,,,Q:S:C:A:TO1:A:5J:A:NL:A:JP:N,248,248,465,506,512,562,564,478,542,719,790,701,754,814,682,912,1019,1069,906,835,983,1141,821,853,955,833,873,907,1101,1148,1080,921,1741,1196,2409,2964,2983,4799,5866,5135,7391,7676,8094,8420,10422,11074,11598,14605,16471,16101,17881,21444,19551,19065,19860,19123,19515,18918,18047,19827,18751,17662,17869,18453,17207,15567,16321,17877,15708,17438,19598,22020,21047,21016,20565,23676,16529,18986,19279,16971,17191,23568,28414,18555,17937,11273,9335,10159,9491,7044,7157,5514,6133,7863,8894,9597,19760,9770,18538,16291,13602,13958,13747,15055,15204,14175,17275,15541,15304,16304,16988,15039,13195,5010,4424,5306,5728,-1653,3934,10803,12495,8825,9929,12937,9261,11858,9727,9240,5055,9286,5072,18363,15803,21925,14161,25155,12921,17376,12101.508,12141.27,5214.269,3517.534,6745.356,10112.544,7847.079,8851.896,9115.349,6489.053,5890.813,8214.497,9179.456,11440.504,8256.701,11309.859,8902.694,9985.747,3790.544,3133.532,3213.619,3803.893,3811.375,NaN,2803.749,4704.486,2956.39,3895.175,NaN,NaN,8297.432,12721.012,5865.513,NaN,6669.289,NaN,4941.366,3325.489,3951.642,3951.642,3951.642,3951.642,3951.642,3951.642
Q,Quarterly,S,Amounts outstanding / Stocks,C,Total claims,A,All instruments,TO1,All currencies,A,All currencies (=D+F+U),5J,All countries (total),A,"All reporting banks/institutions (domestic, foreign, consortium and unclassified)",PH,Philippines,A,All sectors,JP,Japan,N,Cross-border,,,E,End of period,,,Q:S:C:A:TO1:A:5J:A:PH:A:JP:N,,,,,,,,,,,,,,,,,,,,,,,,,,,,,,,,,,,,,,,,,,,,,,,,,,,,,,,,,,,,,,,,,,,,,,,,,,,,,,,,,,,,,,,,,,,,,,,,,,,,,,,,,,,,,,,,,,,,,,,,,,,,,,,,,,,,,,,,,,,,,,,,,,,,,,,,,,,,,1902.923,2473.53,2304.514,2706.959,1786.268,1997.946,1316.428,2014.754,1654.893,1862.47,2664.665,2743.964,1778.253,2628.08,2393.834,2374.936,2418.66,2212.594,2432.431,2536.96,2724.906,3187.528,2828.982,2292.067,2705.701,3044.189
Q,Quarterly,S,Amounts outstanding / Stocks,C,Total claims,A,All instruments,TO1,All currencies,A,All currencies (=D+F+U),5J,All countries (total),A,"All reporting banks/institutions (domestic, foreign, consortium and unclassified)",SE,Sweden,A,All sectors,JP,Japan,N,Cross-border,,,E,End of period,,,Q:S:C:A:TO1:A:5J:A:SE:A:JP:N,28,17,24,34,26,18,34,37,29,22,39,30,26,38,30,26,21,36,35,33,36,43,33,35,40,68,31,30,23,59,38,86,51,34,77,64,51,272,275,456,483,790,690,927,216,1176,691,871,205,325,497,487,365,930,638,660,246,210,409,298,219,204,79,115,212,479,385,446,282,535,585,658,585,765,823,1375,1444,1346,1158,1208,1631,1014,983,1056,2356,515,1026,424,562,608,1952,149,66,85,137,313,408,82,115,233,329,227,363,142,126,243,112,126,201,118,155,181,135,142,122,287,217,398,246,213,155,355,206,381,394,365,326,258,369,591,742,960,1418,913,1133,1265,1297,1050,1460.259,1446.703,1610.457,2668.096,3112.124,3034.666,2651.758,2630.629,2561.641,2359.41,2658.42,3231.918,2954.248,2655.367,1089.486,3110.74,2895.21,1867.206,1012.679,1583.992,2454.396,2132.645,2395.811,2809.584,2136.185,1905.904,1600.563,1287.65,1689.744,1575.996,2642.939,1376.417,1056.511,1189.56,1950.114,1566.534,1907.673,1503.976,1686.353,581.225,636.421,625.048,533.942,421.64
Q,Quarterly,S,Amounts outstanding / Stocks,C,Total claims,A,All instruments,TO1,All currencies,A,All currencies (=D+F+U),5J,All countries (total),A,"All reporting banks/institutions (domestic, foreign, consortium and unclassified)",TW,Chinese Taipei,A,All sectors,JP,Japan,N,Cross-border,,,E,End of period,,,Q:S:C:A:TO1:A:5J:A:TW:A:JP:N,,,,,,,,,,,,,,,,,,,,,,,,,,,,,,,,,,,,,,,,,,,,,,,,,,,,,,,,,,,,,,,,,,,,,,,,,,,,,,,,,,,,,,,,,,,,,4469,3560,4265,4854,4757,5024,3665,2864,3299,3862,3531,3181,4392,3855,3540,3544,3802,3698,3469,3453,5597,5425,5595,7575,9223,8092,8897,7204,4974,6606,5994,5708,4443,3985,4507,4692,5010,4489,4129,4371,3728,3357,3173,3326,3990,4198,3854,4411,4917,5411,5301,7385,5358.762,4783.205,6086.508,6672.111,8165.75,8909.314,10115.545,9812.008,12140.477,14978.926,20596.507,19642.207,18968.504,18376.671,17619.139,15398.788,18100.153,18665.903,14135.408,15521.909,13315.531,20539.634,16934.543,18965.03,21227.436,19883.664,15907.445,19178.597,23762.049,21434.843,24724.001,26145.864,27791.617,25012.609,26927.568,30015.013,37490.385,34938.839
Q,Quarterly,S,Amounts outstanding / Stocks,C,Total claims,A,All instruments,TO1,All currencies,A,All currencies (=D+F+U),5J,All countries (total),A,"All reporting banks/institutions (domestic, foreign, consortium and unclassified)",US,United States,A,All sectors,JP,Japan,N,Cross-border,,,E,End of period,,,Q:S:C:A:TO1:A:5J:A:US:A:JP:N,10087,10592,11481,11248,12997,12964,13127,15160,17268,20365,21954,20935,21594,24138,26336,25384,27174,26678,30974,29350,29309,29522,28356,29529,30809,29412,30093,31409,31007,29970,28991,28744,33735,38847,42058,45888,65213,63656,69766,78436,91520,98078,109198,122146,132940,145170,123941,136817,145803,137747,139876,137313,117930,113270,109751,106458,119122,96458,89860,108946,100420,91600,87428,78311,79555,81960,75353,75696,76370,82157,89494,83360,86027,74962,73406,70060,76467,75040,75785,69593,76233,61768,45745,54760,52050,45534,29892,32341,32513,31670,35786,37543,36742,41037,34428,34723,36617,36817,40333,47192,50515,64569,70131,67202,71223,64918,75412,86014,97848,85940,90933,87647,106647,109095,109197,129778,147780,130014,123395,101035,92782,117934,88475,81542,86359,130827,163279,184573,169273,178201,202038,240251,257875,256753,247595,260011,302105,309320,320522,349118,353434,344156,304546,324719,343314,338890,349552,369862,365079,372911,386372,403150,422884,420802,455332,440060,448723,411451,438849,456268,439837,371104,367727,376302,378236,376197,355852,386718,448620,465543,509512,565534,558833,494614,488346,471978,495288,450150,419638,427522,464992,383856
Q,Quarterly,S,Amounts outstanding / Stocks,C,Total claims,A,All instruments,TO1,All currencies,A,All currencies (=D+F+U),5J,All countries (total),A,"All reporting banks/institutions (domestic, foreign, consortium and unclassified)",ZA,South Africa,A,All sectors,JP,Japan,N,Cross-border,,,E,End of period,,,Q:S:C:A:TO1:A:5J:A:ZA:A:JP:N,,,,,,,,,,,,,,,,,,,,,,,,,,,,,,,,,,,,,,,,,,,,,,,,,,,,,,,,,,,,,,,,,,,,,,,,,,,,,,,,,,,,,,,,,,,,,,,,,,,,,,,,,,,,,,,,,,,,,,,,,,,,,,,,67,52,71,142,424,132,93,936,120,90,151,71,63,112,127,132,191,262,197,168,111,129,127,213,131,153,211,110,340,462,387,509,348,394,514,530,226,209,250,27,28,198,142,124,123,235,253,133,185,155,129,345,266,201,401
Q,Quarterly,S,Amounts outstanding / Stocks,C,Total claims,A,All instruments,TO1,All currencies,U,Unclassified currency,5J,All countries (total),A,"All reporting banks/institutions (domestic, foreign, consortium and unclassified)",5A,All reporting countries,A,All sectors,JP,Japan,N,Cross-border,,,E,End of period,,,Q:S:C:A:TO1:U:5J:A:5A:A:JP:N,,,,,,,,,,,,,,,,,,,,,,,,,-1,-1,,,,,,,,,,-1,-1,-1,,,-3,-1,,,,,-1,,,,,,,,,,,,,,,,,,,,-1,,,,,,-27,-33,-11,-25,-25,-26,-26,-25,-56,-43,-18,-24,-34,-27,-9,-9,-11,-5,-5,-4,-1,,-1,-2,-1,,,,,,,,,,,,,,,,,,,,,,,,0,,,,1,1,,,0,0,,0,1,0,0,-1,0,-1,7.467,8.46,5.057,-0.481,1.521,-0.598,96.249,78.066,70.449,67.339,78.193,65.612,73.586,47.722,56.949,79.476,72.728,71.463,90.756,57.76,84.73,92.288,69.678,42.494,42.155,27.388,37,31.165,39.166,28.615,26.218,26.498,109.474,67.11,83.615,29.438,27.872,34.213,37.717,85.057,73.46,60.199,61.249,62.244
Q,Quarterly,S,Amounts outstanding / Stocks,C,Total claims,A,All instruments,TO3,All currencies excl. core,A,All currencies (=D+F+U),5J,All countries (total),A,"All reporting banks/institutions (domestic, foreign, consortium and unclassified)",5A,All reporting countries,A,All sectors,JP,Japan,N,Cross-border,,,E,End of period,,,Q:S:C:A:TO3:A:5J:A:5A:A:JP:N,5451,6651,5834,5957,6329,5247,5751,6823,6094,6545,7438,8694,8365,8402,8152,8197,9157,7573,7861,9007,9879,5984,6658,5384,506,545,589,635,612,782,743,1242,989,1268,1066,1351,1713,2575,3267,3605,3635,4223,5561,4985,7479,7160,7014,6875,8980,10744,11502,11142,9492,9313,13876,15932,14681,16744,17371,18432,17988,15090,15221,14614,15243,14467,11670,15177,19807,17131,16594,17404,15324,17681,17330,17782,19493,21944,22616,24242,24110,19657,18720,17852,16777,18183,18910,19090,18606,20124,21825,18362,18638,15778,16552,16076,15226,15526,15840,13544,15169,15811,17363,18439,20374,22140,24014,23554,24259,22945,22373,22697,23693,23065,25241,23070,23979,26243,24226,25058,27940,31862,25363,25165,34574,34883,44799,44316,41482,37449,35884,40196,35690,30024.856,30628,35294,42825,40640.502,46624.531,47747.768,46982.576,41131.482,33289.713,40201.699,31698.176,35878.28,36550.598,34650.688,16070.335,16610.649,18309.316,20113.683,24008.877,26980.573,33068.649,30698.603,33555.112,37706.289,34997.43,35214.307,37020.693,37658.089,37852.412,38029.411,35506.818,31139.007,32316.333,32311.07,29927.416,31406.066,34585.197,43131.59,49718.907,41738.182,41026.846,39328.152,37601.425,43086.661,43376.354,45249.675,42005.971,49304.651
Q,Quarterly,S,Amounts outstanding / Stocks,C,Total claims,A,All instruments,UN9,Unallocated currencies,A,All currencies (=D+F+U),5J,All countries (total),A,"All reporting banks/institutions (domestic, foreign, consortium and unclassified)",5A,All reporting countries,A,All sectors,JP,Japan,N,Cross-border,,,E,End of period,,,Q:S:C:A:UN9:A:5J:A:5A:A:JP:N,5445,6647,5829,5952,6322,5236,5744,6815,6082,6525,7416,8683,8343,8385,8140,8184,9144,7554,7849,8979,9863,5967,6645,5368,392,401,451,506,480,653,609,1046,765,1118,834,1136,1520,2318,3038,3240,3303,3922,5135,4498,7015,6812,6638,6571,8600,10431,11048,10724,9117,8968,13414,15216,14399,15742,16102,16393,15835,13958,13707,12661,10662,12257,10933,12224,12732,13769,13682,15216,14146,15358,15960,15714,17951,19493,20087,21996,19694,15978,15300,14023,13038,14692,15154,15592,15118,16630,18725,15417,14647,12333,13462,12511,11976,12910,14247,12351,13027,13637,15268,15818,17520,20353,21461,21866,21855,20899,20789,21149,22164,21705,23583,21358,22421,25036,22796,23263,26224,29109,22416,22770,32601,33114,43095,42279,39606,35471,33556,37976,33217,27682.856,28732,33051,40809,38415.502,43946.504,44944.711,43878.907,37919.729,29368.013,36362.49,28646.869,32846.94,33147.644,30419.091,9019.287,9844.655,10877.066,12797.963,15838.86,15912.873,17619.419,17412.199,14665.412,19413.906,17466.592,16250.597,17637.527,17236.719,17650.71,17300.624,17420.128,16730.495,16594.071,17702.714,15138.774,15992.144,17250.852,20475.278,25314.596,20202.49,18259.49,17687.051,17483.894,19308.239,18861.509,17127.824,16180.101,16866.294
Q,Quarterly,S,Amounts outstanding / Stocks,C,Total claims,A,All instruments,UN9,Unallocated currencies,U,Unclassified currency,5J,All countries (total),A,"All reporting banks/institutions (domestic, foreign, consortium and unclassified)",5A,All reporting countries,A,All sectors,JP,Japan,N,Cross-border,,,E,End of period,,,Q:S:C:A:UN9:U:5J:A:5A:A:JP:N,,,,,,,,,,,,,,,,,,,,,,,,,-1,-1,,,,,,,,,,-1,-1,-1,,,-3,-1,,,,,-1,,,,,,,,,,,,,,,,,,,,-1,,,,,,-27,-33,-11,-25,-25,-26,-26,-25,-56,-43,-18,-24,-34,-27,-9,-9,-11,-5,-5,-4,-1,,-1,-2,-1,,,,,,,,,,,,,,,,,,,,,,,,0,,,,1,1,,,0,0,,0,1,0,0,-1,0,-1,7.467,8.46,5.057,-0.481,1.521,-0.598,96.249,78.066,70.449,67.339,78.193,65.612,73.586,47.722,56.949,79.476,72.728,71.463,90.756,57.76,84.73,92.288,69.678,42.494,42.155,27.388,37,31.165,39.166,28.615,26.218,26.498,109.474,67.11,83.615,29.438,27.872,34.213,37.717,85.057,73.46,60.199,61.249,62.244
Q,Quarterly,S,Amounts outstanding / Stocks,C,Total claims,A,All instruments,USD,US dollar,A,All currencies (=D+F+U),5J,All countries (total),A,"All reporting banks/institutions (domestic, foreign, consortium and unclassified)",5A,All reporting countries,A,All sectors,JP,Japan,N,Cross-border,,,E,End of period,,,Q:S:C:A:USD:A:5J:A:5A:A:JP:N,22446,22985,23586,24335,28550,30170,31186,38095,40289,46057,47672,50388,55088,60363,59611,63053,65125,68135,61016,60391,60451,63118,60357,66545,88327,92574,86577,95295,93381,99614,93140,104349,106057,120133,130811,164808,208091,211928,260955,278468,304234,356615,373880,389687,450715,502336,468995,509529,537071,549309,547470,560493,588398,560343,560301,557904,519719,478349,462988,459009,461645,433940,431749,437079,419651,406741,428038,427281,428786,425173,455616,445572,436271,421600,420897,417786,417456,424919,431181,411772,428537,341556,319948,317272,323381,259650,213753,212099,220405,191922,199273,201683,220709,225916,208245,200908,219669,201929,193731,213929,224245,228667,230713,217742,222943,218442,241951,240642,258315,217384,212374,220180,242978,218197,237001,251768,252123,231856,221024,208174,203496,243518,210413,210365,214661,262531.5,287263,305566,293706,311963,322721,360746,382807,391283.614,384956,389215,426661,482666.862,480164.416,512126.552,530423.755,493632.65,447815.219,470845.636,491723.393,492095.118,507185.632,517518.379,539116.515,556009.944,551787.716,562731.763,612568.672,621113.915,633470.969,628009.229,659447.358,646152.14,635144.146,658395.701,628638.17,583109.531,577187.01,585752.64,583368.508,566449.698,578650.975,601627.385,663945.89,683833.034,682100.434,726476.581,725368.262,697235.961,704337.931,708071.733,718553.426,698014.695,688086.445,700159.728,678609.412,602827.186
Q,Quarterly,S,Amounts outstanding / Stocks,C,Total claims,G,Loans and deposits,CHF,Swiss franc,A,All currencies (=D+F+U),5J,All countries (total),A,"All reporting banks/institutions (domestic, foreign, consortium and unclassified)",5A,All reporting countries,A,All sectors,JP,Japan,N,Cross-border,,,E,End of period,,,Q:S:C:G:CHF:A:5J:A:5A:A:JP:N,,,,,,,,,,,,,,,,,,,,,,,,,,,,,,,,,,,,,,,,,,,,,,,,,,,,,,,,,,,,,,,,,,,,,,,,,13645,12547,11625,12273,11348,7828,7299,5943,9007,6462,5553,4886,4019,2232,3441,3341,2460,1543,1380,1954,1614,1757,1203,1347,1023,1006,1184,1248,1476,1451,1936,1815,1613,1637,1526,905,1401,1324,1391,1347,2048,1597,2166,1643,1485,1779,1380,1632,1524,2239,1685,1413,1276,1533,608,3412,2082,1761,1310,1070,1185,960.066,1002,695,571,606.975,498.359,426.688,432.219,368.247,228.076,265.524,1014.594,1590.157,1947.987,1927.53,864.813,955.117,777.214,921.123,981.346,774.152,811.702,929.787,1173.1,1130.333,769.675,798.971,721.636,770.519,812.375,814.555,896.559,678.265,586.808,652.283,670.183,798.709,1270.916,739.559,988.85,830.638,791.748,736.292,748.454,739.341,735.503,725.134,725.202,722.178
Q,Quarterly,S,Amounts outstanding / Stocks,C,Total claims,G,Loans and deposits,EUR,Euro,A,All currencies (=D+F+U),5J,All countries (total),A,"All reporting banks/institutions (domestic, foreign, consortium and unclassified)",5A,All reporting countries,A,All sectors,JP,Japan,N,Cross-border,,,E,End of period,,,Q:S:C:G:EUR:A:5J:A:5A:A:JP:N,,,,,,,,,,,,,,,,,,,,,,,,,,,,,,,,,,,,,,,,,,,,,,,,,,,,,,,,,,,,,,,,,,,,,,,,,59058,57825,53006,50150,46878,48028,44956,46362,51634,45068,45552,45793,40148,38661,36919,41793,32832,33773,35083,38000,41528,46296,44058,46373,46184,39711,41992,45937,69537,78597,100412,83072,67246,66676,66783,71801,90528,65409,68119,67490,73597,70300,78294,72697,73474,73367,67649,67527,75361,84144,75903,64932,72325,60648,86957,85164,85013,73382,73890,83162,71698,75747.294,65805,57814,61252,76110.084,69372.241,83224.918,106593.455,119227.63,117158.304,138908.997,134639.299,122072.277,112712.986,108632.906,103437.059,102968.59,96730.333,99213.802,92936.941,97214.472,98462.631,105670.61,106211.524,93290.869,102838.105,97996.083,101916.569,112279.882,114698.257,107111.895,107417.318,128200.637,133073.343,128478.718,127775.146,134945.79,133910.827,144998.3,169969.541,175950.986,181958.279,168167.275,154836.723,152492.15,126535.593,114613.743,118404.468,111087.829
Q,Quarterly,S,Amounts outstanding / Stocks,C,Total claims,G,Loans and deposits,GBP,Pound (sterling),A,All currencies (=D+F+U),5J,All countries (total),A,"All reporting banks/institutions (domestic, foreign, consortium and unclassified)",5A,All reporting countries,A,All sectors,JP,Japan,N,Cross-border,,,E,End of period,,,Q:S:C:G:GBP:A:5J:A:5A:A:JP:N,,,,,,,,,,,,,,,,,,,,,,,,,,,,,,,,,,,,,,,,,,,,,,,,,,,,,,,,,,,,,,,,,,,,,,,,,17356,16009,13901,15737,17034,19190,21755,19201,19544,24166,21335,23049,20266,15770,14873,13406,13680,14728,11494,11152,10416,9722,11246,11769,11770,10275,9156,10335,11404,10110,9982,10776,10548,13351,11863,12058,12760,9873,11310,11397,10921,10622,10950,10257,11128,9469,9693,12882,10470,14940,11845,8408,8414,9226,11210,6444,6601,5489,6977,8491,6883,6367.117,8825,11752,10179,9381.112,17258.419,15501.485,16543.958,13908.322,10931.664,12031.147,9473.201,10387.569,11371.776,11269.7,12064.659,9609.847,10936.465,9545.976,7540.341,8381.492,10632.677,9444.04,9953.19,12796.673,11100.942,11451.234,11365.458,11473.029,10378.362,9823.034,9301.262,9188.83,8311.364,7244.709,7580.47,7500.81,5728.68,4745.23,3414.634,2968.346,3578.486,6181.449,6102.453,4378.354,4659.032,2552.964,2931.952,2610.345
Q,Quarterly,S,Amounts outstanding / Stocks,C,Total claims,G,Loans and deposits,JPY,Yen,A,All currencies (=D+F+U),5J,All countries (total),A,"All reporting banks/institutions (domestic, foreign, consortium and unclassified)",5A,All reporting countries,A,All sectors,JP,Japan,N,Cross-border,,,E,End of period,,,Q:S:C:G:JPY:A:5J:A:5A:A:JP:N,,,,,,,,,,,,,,,,,,,,,,,,,,,,,,,,,,,,,,,,,,,,,,,,,,,,,,,,,,,,,,,,,,,,,,,,,456750,419472,394890,393678,391401,365896,404599,362723,337141,312943,291445,282714,368178,271154,260401,267316,285167,252039,249429,219399,229861,198768,194040,191665,179144,158369,212543,191131,204492,190386,213688,215740,213702,231177,242099,239214,255607,206354,223552,195325,180025,184778,168343,168457,147875,168019,164423,196944,215849,300493,227421,238624,240909,170408.5,220044,220510,193421,186964,201463,238110,248718,220847.053,205758,271050,286578,286569.104,267401.365,261898.129,239734.383,240514,220993.096,259780.219,245151.091,272353.945,305212.361,312901.021,317703.077,304618.647,299764.98,308985.355,305845.42,380082.529,408753.628,444772.247,406675.706,397645.039,382490.716,459867.209,417679.024,512531.791,515631.533,533689.23,469594.088,518376.034,530740.479,582025.032,482679.415,649396.228,614117.805,693289.666,593136.195,633494.603,566113.102,545544.569,450824.225,591793.304,595037.449,562278.544,581395.58,689964.394
Q,Quarterly,S,Amounts outstanding / Stocks,C,Total claims,G,Loans and deposits,TO1,All currencies,A,All currencies (=D+F+U),5J,All countries (total),A,"All reporting banks/institutions (domestic, foreign, consortium and unclassified)",5A,All reporting countries,A,All sectors,JP,Japan,N,Cross-border,,,E,End of period,,,Q:S:C:G:TO1:A:5J:A:5A:A:JP:N,,,,,,,,,,,,,,,,,,,,,,,,,,,,,,,,,,,,,,,,,,,,,,,,,,,,,,,,,,,,,,,,,,,,,,,,,989493,936178,903107,899034,895263,878545,924590,843589,840384,723780,679342,669932,741760,576249,522572,530273,543972,485996,486350,457197,488205,461940,445992,438325,444759,398665,444234,446705,495630,497924,540884,516027,506703,536765,571988,572061,628001,507910,524319,508435,523178,497340,511872,517080,496936,496841,476297,500390,521747,665201,543780,537610,549089,516126,623150,635559,596561,593374,618615,704626,728214,708267,679673,741294,800284,865131,849472.817,888719.895,914040.919,883292.766,809427.193,895296.551,890115.685,910895.5,952180.727,961423.801,966736.891,968724.736,955748.372,979174.188,1012772.171,1107648.206,1150918.875,1185618.407,1174163.045,1155257.909,1130441.027,1225921.863,1150996.707,1213295.3,1210402.2,1229653.735,1155718.318,1205590.681,1233996.117,1296455.366,1254542.626,1445459.546,1405491.144,1532938.254,1454368.663,1472092.43,1426371.047,1406485.698,1303986.743,1422055.285,1380178.156,1335681.054,1346476.032,1380069.138
Q,Quarterly,S,Amounts outstanding / Stocks,C,Total claims,G,Loans and deposits,TO1,All currencies,A,All currencies (=D+F+U),5J,All countries (total),A,"All reporting banks/institutions (domestic, foreign, consortium and unclassified)",AT,Austria,A,All sectors,JP,Japan,N,Cross-border,,,E,End of period,,,Q:S:C:G:TO1:A:5J:A:AT:A:JP:N,,,,,,,,,,,,,,,,,,,,,,,,,,,,,,,,,,,,,,,,,,,,,,,,,,,,,,,,,,,,,,,,,,,,,,,,,NaN,NaN,NaN,NaN,NaN,NaN,NaN,NaN,NaN,NaN,NaN,NaN,NaN,NaN,NaN,NaN,NaN,NaN,NaN,NaN,NaN,NaN,NaN,NaN,NaN,NaN,NaN,NaN,NaN,NaN,NaN,NaN,NaN,NaN,NaN,NaN,NaN,NaN,NaN,NaN,NaN,NaN,NaN,NaN,NaN,NaN,NaN,192,184,73,368,373,103,221,515,118,343,87,111,235,126,211,101,92,84,94,63.53,70.956,86.624,52.923,53.761,103.209,154.283,76.908,74.72,124.184,273.485,43.51,107.675,89.054,49.296,140.161,143.297,63.843,62.991,86.763,92.691,82.14,60.44,53.071,167.018,68.741,118.381,292.668,233.563,50.56,268.58,93.929,353.146,398.815,378.56,394.267,98.077,144.271,155.795,124.899,393.598,377.856,115.483,218.586
Q,Quarterly,S,Amounts outstanding / Stocks,C,Total claims,G,Loans and deposits,TO1,All currencies,A,All currencies (=D+F+U),5J,All countries (total),A,"All reporting banks/institutions (domestic, foreign, consortium and unclassified)",AU,Australia,A,All sectors,JP,Japan,N,Cross-border,,,E,End of period,,,Q:S:C:G:TO1:A:5J:A:AU:A:JP:N,,,,,,,,,,,,,,,,,,,,,,,,,,,,,,,,,,,,,,,,,,,,,,,,,,,,,,,,,,,,,,,,,,,,,,,,,,,,,,,,,984,1119,747,676,918,773,451,283,457,920,651,917,1310,703,1068,1101,1219,1234,1232,892,1981,2018,2267,2589,2477,4883,3267,3320,3669,3052,2057,1864,798,442,505,679,721,873,1058,929,1348,2586,1151,1110,3535,1678,2333,1618,1415,1494,2083,1707,903,1159,1379,1851,2099,3062,3123.514,1578.925,2778.417,3387.261,3680.874,2842.565,3226.196,1408.549,5337.919,2550.315,5845.821,3989.752,5900.26,4906.332,9005.916,8202.925,7552.07,6526.044,7440.886,5092.952,5767.77,7079.472,11932.406,12691.506,13312.582,11987.752,11104.876,12477.977,15218.089,17763.581,19309.263,19075.522,19363.237,24276.893,25703.897,16802.175,16904.245,19478.155,16650.571,13119.573,17669.041,13240.545,16831.519,18806.819
Q,Quarterly,S,Amounts outstanding / Stocks,C,Total claims,G,Loans and deposits,TO1,All currencies,A,All currencies (=D+F+U),5J,All countries (total),A,"All reporting banks/institutions (domestic, foreign, consortium and unclassified)",BE,Belgium,A,All sectors,JP,Japan,N,Cross-border,,,E,End of period,,,Q:S:C:G:TO1:A:5J:A:BE:A:JP:N,,,,,,,,,,,,,,,,,,,,,,,,,,,,,,,,,,,,,,,,,,,,,,,,,,,,,,,,,,,,,,,,,,,,,,,,,29708,40664,36347,38198,36481,31620,43402,42940,26706,22753,22877,23601,19515,11619,2280,2902,2133,2148,3411,1345,1240,883,1393,1127,1603,1072,1569,1034,1132,5542,4903,4099,3516,3635,2846,2077,2918,3124,2756,2628,2934,3279,3658,3956,2353,2515,2464,2075,2464,1941,2858,3257,7754,6101,5786,7271,5731,3211,4307,9057,5568,5701,5105,5605,6362,6851,8397,8015,7546,7410,8140,10820,8919.412,7896.377,12330.862,8851.444,11135.129,10684.757,12761.435,9589.649,3893.989,11530.87,9259.639,15760.908,13248.997,13200.902,6776.501,4432.044,5319.467,3970.334,5840.695,6897.777,5761.449,6289.45,5302.391,5358.169,7770.686,5493.867,6853.207,7485.452,5917.148,7091.56,9956.897,7758.664,5321.379,12267.528,9706.988,9289.773,6929.029,12189.52
Q,Quarterly,S,Amounts outstanding / Stocks,C,Total claims,G,Loans and deposits,TO1,All currencies,A,All currencies (=D+F+U),5J,All countries (total),A,"All reporting banks/institutions (domestic, foreign, consortium and unclassified)",BR,Brazil,A,All sectors,JP,Japan,N,Cross-border,,,E,End of period,,,Q:S:C:G:TO1:A:5J:A:BR:A:JP:N,,,,,,,,,,,,,,,,,,,,,,,,,,,,,,,,,,,,,,,,,,,,,,,,,,,,,,,,,,,,,,,,,,,,,,,,,,,,,,,,,,,,,,,,,,,,,,,,,,,,,74,130,43,75,257,106,116,77,248,60,37,542,747,318,114,187,57,1027,1350,1292,557,364,260,115,200,147,666,174,120,93,157,111,88,1678,47,76,62,45,47,56,108,79,49,82,107,119,143,120,216,84,193,186,84,225,214,697,347,564,315,312,346,873,569,209,362,256,241,311,264,285,179,283,244,221,359,247,311,46.64,31.265,32.93,37.687,32.952
Q,Quarterly,S,Amounts outstanding / Stocks,C,Total claims,G,Loans and deposits,TO1,All currencies,A,All currencies (=D+F+U),5J,All countries (total),A,"All reporting banks/institutions (domestic, foreign, consortium and unclassified)",CA,Canada,A,All sectors,JP,Japan,N,Cross-border,,,E,End of period,,,Q:S:C:G:TO1:A:5J:A:CA:A:JP:N,,,,,,,,,,,,,,,,,,,,,,,,,,,,,,,,,,,,,,,,,,,,,,,,,,,,,,,,,,,,,,,,,,,,,,,,,NaN,NaN,NaN,NaN,NaN,NaN,NaN,NaN,NaN,NaN,NaN,NaN,NaN,NaN,NaN,NaN,NaN,NaN,NaN,NaN,NaN,NaN,NaN,NaN,NaN,NaN,NaN,NaN,NaN,NaN,NaN,NaN,NaN,NaN,NaN,NaN,NaN,NaN,NaN,NaN,NaN,NaN,NaN,NaN,NaN,NaN,NaN,260,237,260,338,394,403,464,277,293,525,291,297,NaN,NaN,NaN,NaN,NaN,NaN,NaN,NaN,NaN,NaN,NaN,NaN,NaN,NaN,NaN,NaN,NaN,NaN,NaN,NaN,NaN,NaN,NaN,6644.133,NaN,NaN,NaN,NaN,NaN,NaN,NaN,NaN,NaN,NaN,NaN,NaN,NaN,NaN,NaN,NaN,NaN,NaN,NaN,NaN,NaN,NaN,NaN,NaN,NaN,NaN,NaN
Q,Quarterly,S,Amounts outstanding / Stocks,C,Total claims,G,Loans and deposits,TO1,All currencies,A,All currencies (=D+F+U),5J,All countries (total),A,"All reporting banks/institutions (domestic, foreign, consortium and unclassified)",CH,Switzerland,A,All sectors,JP,Japan,N,Cross-border,,,E,End of period,,,Q:S:C:G:TO1:A:5J:A:CH:A:JP:N,,,,,,,,,,,,,,,,,,,,,,,,,,,,,,,,,,,,,,,,,,,,,,,,,,,,,,,,,,,,,,,,,,,,,,,,,7072,6401,7966,8162,12261,9294,9054,11080,12804,12272,12016,20820,27678,25640,38863,20123,25817,18428,18769,19197,42801,44863,44782,39209,33209,15005,29860,22953,19682,7420,11328,11984,11849,18891,15084,15760,20570,17621,19238,17885,21240,20871,33421,28015,33985,33582,39353,46598,43688,43068,38951,34934,45810,28618,32853,21976,22410,21046,25308,8087,12601,4283,3565,2797,4373,3016,4756,3737,4641,2324,5850,7176.82,6016.366,7199.949,9301.025,7545.16,7135.14,8065.106,2566.488,3137.233,4870.571,2451.093,1708.299,1993.192,1718.552,948.126,2015.224,2577.308,2618.722,4166.138,1924.761,2719.938,4689.633,3713.164,1846.265,1795.466,1893.397,8298.48,3968.698,2438.212,7214.561,8472.304,8798.925,8612.278,9106.123,16238.942,17762.513,19597.64,11463.574,5013.033
Q,Quarterly,S,Amounts outstanding / Stocks,C,Total claims,G,Loans and deposits,TO1,All currencies,A,All currencies (=D+F+U),5J,All countries (total),A,"All reporting banks/institutions (domestic, foreign, consortium and unclassified)",CL,Chile,A,All sectors,JP,Japan,N,Cross-border,,,E,End of period,,,Q:S:C:G:TO1:A:5J:A:CL:A:JP:N,,,,,,,,,,,,,,,,,,,,,,,,,,,,,,,,,,,,,,,,,,,,,,,,,,,,,,,,,,,,,,,,,,,,,,,,,,,,,,,,,,,,,,,,,,,,,,,,,,,,,21,9,16,37,48,40,32,24,30,12,25,41,18,11,95,64,44,41,17,45,20,79,53,10,74,44,23,27,65,18,25,23,22,42,19,18,38,51,17,19,31,44,104,21,17,21.078,18.273,22.394,25.731,37.165,53.307,23.803,25.573,24.624,85.717,19.209,171.875,182.74,107.601,125.399,140.658,100.686,29.492,126.626,40.042,55.865,89.667,92.777,123.075,133.284,172.541,196.964,111.091,132.15,150.217,197.377,41.31,43.811,60.64,47.443,45.108,96.975
Q,Quarterly,S,Amounts outstanding / Stocks,C,Total claims,G,Loans and deposits,TO1,All currencies,A,All currencies (=D+F+U),5J,All countries (total),A,"All reporting banks/institutions (domestic, foreign, consortium and unclassified)",DE,Germany,A,All sectors,JP,Japan,N,Cross-border,,,E,End of period,,,Q:S:C:G:TO1:A:5J:A:DE:A:JP:N,,,,,,,,,,,,,,,,,,,,,,,,,,,,,,,,,,,,,,,,,,,,,,,,,,,,,,,,,,,,,,,,,,,,,,,,,NaN,NaN,NaN,NaN,NaN,NaN,NaN,NaN,NaN,NaN,NaN,NaN,NaN,NaN,NaN,NaN,NaN,NaN,NaN,NaN,NaN,NaN,NaN,NaN,NaN,NaN,NaN,NaN,NaN,NaN,NaN,NaN,NaN,NaN,NaN,NaN,NaN,NaN,NaN,NaN,NaN,NaN,NaN,NaN,NaN,NaN,NaN,NaN,NaN,NaN,NaN,NaN,NaN,NaN,NaN,NaN,NaN,NaN,NaN,NaN,NaN,NaN,NaN,NaN,NaN,NaN,NaN,NaN,NaN,NaN,NaN,NaN,NaN,NaN,NaN,NaN,NaN,NaN,NaN,NaN,NaN,NaN,NaN,NaN,NaN,NaN,NaN,NaN,NaN,NaN,NaN,NaN,NaN,NaN,NaN,NaN,NaN,NaN,NaN,NaN,NaN,NaN,NaN,NaN,NaN,NaN,NaN,NaN,NaN,NaN
Q,Quarterly,S,Amounts outstanding / Stocks,C,Total claims,G,Loans and deposits,TO1,All currencies,A,All currencies (=D+F+U),5J,All countries (total),A,"All reporting banks/institutions (domestic, foreign, consortium and unclassified)",DK,Denmark,A,All sectors,JP,Japan,N,Cross-border,,,E,End of period,,,Q:S:C:G:TO1:A:5J:A:DK:A:JP:N,,,,,,,,,,,,,,,,,,,,,,,,,,,,,,,,,,,,,,,,,,,,,,,,,,,,,,,,,,,,,,,,,,,,,,,,,613,352,422,606,549,318,427,1089,1454,1946,591,2057,2227,1505,1457,1290,758,2433,3319,2083,3836,3110,1841,931,48,77,41,37,49,51,43,166,110,72,65,214,135,154,132,148,118,128,137,96,227,48,144,106,121,181,194,128,41,112,133,230,138,118,149,212,136,119,162,250,134,423,219.181,135.956,176.81,157.552,177.982,169.703,135.084,92.407,157.311,110.412,126.475,330.593,357.763,239.191,156.389,233.48,167.339,164.252,198.842,164.332,179.628,216.307,176.439,325.884,299.985,270.919,283.872,279.463,299.068,296.314,306.761,379.006,395.161,400.359,452.079,539.7,573.799,NaN,609.028,52.847,NaN,NaN,NaN,NaN
Q,Quarterly,S,Amounts outstanding / Stocks,C,Total claims,G,Loans and deposits,TO1,All currencies,A,All currencies (=D+F+U),5J,All countries (total),A,"All reporting banks/institutions (domestic, foreign, consortium and unclassified)",ES,Spain,A,All sectors,JP,Japan,N,Cross-border,,,E,End of period,,,Q:S:C:G:TO1:A:5J:A:ES:A:JP:N,,,,,,,,,,,,,,,,,,,,,,,,,,,,,,,,,,,,,,,,,,,,,,,,,,,,,,,,,,,,,,,,,,,,,,,,,NaN,NaN,NaN,NaN,NaN,NaN,NaN,NaN,NaN,NaN,NaN,NaN,NaN,NaN,NaN,NaN,NaN,NaN,NaN,NaN,NaN,NaN,NaN,NaN,NaN,NaN,NaN,NaN,NaN,NaN,NaN,NaN,NaN,NaN,NaN,NaN,NaN,NaN,NaN,NaN,NaN,NaN,NaN,NaN,NaN,NaN,NaN,NaN,NaN,NaN,NaN,NaN,NaN,NaN,NaN,NaN,NaN,NaN,NaN,NaN,NaN,NaN,NaN,NaN,NaN,NaN,NaN,NaN,NaN,NaN,NaN,NaN,NaN,878.81,909.274,725.587,756.861,724.239,688.961,838.702,649.152,683.658,640.553,592.301,418.721,386.481,407.945,303.848,377.992,482.601,383.392,296.197,326.563,511.269,695.752,864.177,1243.855,1323.637,1108.833,706.485,355.822,973.735,750.839,783.95,584.263,662.426,577.011,435.732,560.594,424.86
Q,Quarterly,S,Amounts outstanding / Stocks,C,Total claims,G,Loans and deposits,TO1,All currencies,A,All currencies (=D+F+U),5J,All countries (total),A,"All reporting banks/institutions (domestic, foreign, consortium and unclassified)",FI,Finland,A,All sectors,JP,Japan,N,Cross-border,,,E,End of period,,,Q:S:C:G:TO1:A:5J:A:FI:A:JP:N,,,,,,,,,,,,,,,,,,,,,,,,,,,,,,,,,,,,,,,,,,,,,,,,,,,,,,,,,,,,,,,,,,,,,,,,,217,280,512,608,460,455,622,437,361,401,170,181,119,72,86,41,12,49,54,42,50,41,43,49,84,37,95,49,62,37,48,70,355,57,45,122,133,210,113,122,33,41,145,43,25,25,40,22,21,17,12,5,45,11,17,8,10,9,24,6,5,4,13,5,9,20,26.172,44.339,8.527,6.251,2.912,NaN,5.515,NaN,15.298,4.41,115.405,12.262,NaN,NaN,3.643,42.843,4.339,3.06,7.846,14.412,9.175,NaN,17.278,12.795,4.379,17.665,6.557,10.707,4.775,8.28,32.201,8.831,19.981,22.12,17.609,13.737,16.2,21.116,14.354,12.501,13.77,14.606,13.644,12.457
Q,Quarterly,S,Amounts outstanding / Stocks,C,Total claims,G,Loans and deposits,TO1,All currencies,A,All currencies (=D+F+U),5J,All countries (total),A,"All reporting banks/institutions (domestic, foreign, consortium and unclassified)",FR,France,A,All sectors,JP,Japan,N,Cross-border,,,E,End of period,,,Q:S:C:G:TO1:A:5J:A:FR:A:JP:N,,,,,,,,,,,,,,,,,,,,,,,,,,,,,,,,,,,,,,,,,,,,,,,,,,,,,,,,,,,,,,,,,,,,,,,,,69198,70291,65208,67613,65090,56950,44700,47853,43299,37751,33971,33501,39875,27701,22699,22883,26029,21931,14866,13624,19127,19721,22381,22161,19479,14810,20330,17129,22972,20009,24790,25132,25022,29566,25953,21557,25008,23530,31119,26366,29508,34102,33133,32892,26806,30588,25623,26929,27252,57744,35709,35855,52196,49582,42739,49689,40525,39014,36278,44932,48309,57653,59846,57209,65714,85406,61510,67159,59018,69851,62813,85726,86605,104194,113646,143935,144916,144232,125502,135992,114575,156084,165013,194037,157169,147371,134068,174291,152846,205186,218209,222174,150562,193670,220694,279629,176780,294011,236358,283352,265979,320688,286423,282367,216474,308861,289420,237039,203311,275524
Q,Quarterly,S,Amounts outstanding / Stocks,C,Total claims,G,Loans and deposits,TO1,All currencies,A,All currencies (=D+F+U),5J,All countries (total),A,"All reporting banks/institutions (domestic, foreign, consortium and unclassified)",GB,United Kingdom,A,All sectors,JP,Japan,N,Cross-border,,,E,End of period,,,Q:S:C:G:TO1:A:5J:A:GB:A:JP:N,,,,,,,,,,,,,,,,,,,,,,,,,,,,,,,,,,,,,,,,,,,,,,,,,,,,,,,,,,,,,,,,,,,,,,,,,153144,137684,133580,130836,139937,153148,159042,139488,166224,138912,141557,160626,200421,149569,129689,152236,151195,143491,152853,154990,147543,135100,137795,132564,138610,132147,156089,169114,201218,203216,225358,202753,197170,198648,229032,237682,269930,204555,201414,170837,159428,159610,148037,152143,140804,143135,144747,170326,206934,270415,210481,198940,173979,144691,196573,202402,178685,187142,185443,219762,227137,221786,224100,260087,285213,309612,303612,298715,318043,322270,303020,319626,298505,290807,299259,279350,269107,236249,231603,230373,240809,256619,279503,281791,274711,274716,274892,311511,284292,337497,321313,337626,329982,343796,358153,346668,323324,379882,353724,356187,327354,340980,342701,333665,282514,345427,339064,341635,340959,369027
Q,Quarterly,S,Amounts outstanding / Stocks,C,Total claims,G,Loans and deposits,TO1,All currencies,A,All currencies (=D+F+U),5J,All countries (total),A,"All reporting banks/institutions (domestic, foreign, consortium and unclassified)",GG,Guernsey,A,All sectors,JP,Japan,N,Cross-border,,,E,End of period,,,Q:S:C:G:TO1:A:5J:A:GG:A:JP:N,,,,,,,,,,,,,,,,,,,,,,,,,,,,,,,,,,,,,,,,,,,,,,,,,,,,,,,,,,,,,,,,,,,,,,,,,,,,,,,,,,,,,,,,,,,,,,,,,79,65,253,62,41,85,208,98,141,205,119,237,135,93,177,194,220,110,76,106,30,25,17,9,94,29,12,25,20,18,118,26,12,279,40,74,56,34,85,33,41,30,93,39,39,135,43,51,168,24,33.254,35.835,32.517,57.513,38.814,34.778,47.745,42.515,20.348,22.774,22.16,26.724,30.219,32.904,28.321,43.379,27.767,21.831,23.464,28.205,32.332,21.08,25.421,31.606,39.214,26.111,27.486,24.927,30.281,28.956,33.428,21.425,22.658,28.229,22.185,21.893
Q,Quarterly,S,Amounts outstanding / Stocks,C,Total claims,G,Loans and deposits,TO1,All currencies,A,All currencies (=D+F+U),5J,All countries (total),A,"All reporting banks/institutions (domestic, foreign, consortium and unclassified)",GR,Greece,A,All sectors,JP,Japan,N,Cross-border,,,E,End of period,,,Q:S:C:G:TO1:A:5J:A:GR:A:JP:N,,,,,,,,,,,,,,,,,,,,,,,,,,,,,,,,,,,,,,,,,,,,,,,,,,,,,,,,,,,,,,,,,,,,,,,,,,,,,,,,,,,,,,,,,,,,,,,,,,,,,,,,,,,,,,115,16,39,24,124,104,78,27,14,19,19,39,16,20,47,21,22,30,53,32,28,140,42,40,32,42,37,59,11,50,57,92,95,70,101,37,36,42.819,44.649,61.989,36.128,41.098,25.348,21.126,21.295,24.186,20.669,25.902,32.618,29.532,21.683,33.45,48.362,45,28.141,34.665,28.39,35,34,40,33,36,44,39,32,42,37,26,0,,,,
Q,Quarterly,S,Amounts outstanding / Stocks,C,Total claims,G,Loans and deposits,TO1,All currencies,A,All currencies (=D+F+U),5J,All countries (total),A,"All reporting banks/institutions (domestic, foreign, consortium and unclassified)",HK,Hong Kong SAR,A,All sectors,JP,Japan,N,Cross-border,,,E,End of period,,,Q:S:C:G:TO1:A:5J:A:HK:A:JP:N,,,,,,,,,,,,,,,,,,,,,,,,,,,,,,,,,,,,,,,,,,,,,,,,,,,,,,,,,,,,,,,,,,,,,,,,,NaN,NaN,NaN,NaN,NaN,NaN,NaN,NaN,NaN,NaN,NaN,NaN,NaN,NaN,NaN,NaN,NaN,NaN,NaN,NaN,NaN,NaN,NaN,NaN,NaN,NaN,NaN,NaN,NaN,NaN,NaN,NaN,NaN,NaN,NaN,NaN,NaN,NaN,NaN,NaN,NaN,NaN,NaN,NaN,NaN,NaN,NaN,NaN,NaN,NaN,NaN,NaN,NaN,NaN,NaN,NaN,NaN,NaN,NaN,NaN,NaN,NaN,NaN,NaN,NaN,NaN,NaN,NaN,NaN,NaN,NaN,NaN,NaN,NaN,NaN,NaN,69539.939,84182.733,86930.53,76441.835,93817.56,105260.592,92958.69,107321.212,107808.228,104363.835,110615.858,118573.496,125334.912,122916.805,127512.745,119970.107,113065.356,107852.847,108382.36,109211.681,116506.869,105660.863,104369.477,117820.035,116876.563,118110.482,124288.915,122745.024,116980.637,107782.403,121984.834,132044.962,137089.395,143137.744
Q,Quarterly,S,Amounts outstanding / Stocks,C,Total claims,G,Loans and deposits,TO1,All currencies,A,All currencies (=D+F+U),5J,All countries (total),A,"All reporting banks/institutions (domestic, foreign, consortium and unclassified)",IE,Ireland,A,All sectors,JP,Japan,N,Cross-border,,,E,End of period,,,Q:S:C:G:TO1:A:5J:A:IE:A:JP:N,,,,,,,,,,,,,,,,,,,,,,,,,,,,,,,,,,,,,,,,,,,,,,,,,,,,,,,,,,,,,,,,,,,,,,,,,341,539,644,628,763,983,869,926,923,1094,977,1175,1184,839,213,472,471,468,553,312,499,692,2109,2283,816,859,682,589,973,950,662,393,555,542,903,1678,2392,1781,5804,4166,2719,3441,1995,3084,5803,10512,6482,4983,4520,5481,4501,9689,10536,5582,4897,5365,5759,5425,5280,4964,1194,18,19,18,16,7,3,2,314.345,284.369,226.91,109.525,376.484,315.871,292.969,425.119,180.367,504.139,597.245,624.8,828.338,1881.435,1926.864,631.835,2108.888,1328.088,2811.755,2711.776,1728.064,2978.426,1829.116,792.091,903.581,1113.805,3031.2,2576.61,2106.584,1436.815,288.561,393.222,205.545,249.386,373.752,303.309,173.191,282.212,108.114,70.55,145.499,149.993
Q,Quarterly,S,Amounts outstanding / Stocks,C,Total claims,G,Loans and deposits,TO1,All currencies,A,All currencies (=D+F+U),5J,All countries (total),A,"All reporting banks/institutions (domestic, foreign, consortium and unclassified)",IM,Isle of Man,A,All sectors,JP,Japan,N,Cross-border,,,E,End of period,,,Q:S:C:G:TO1:A:5J:A:IM:A:JP:N,,,,,,,,,,,,,,,,,,,,,,,,,,,,,,,,,,,,,,,,,,,,,,,,,,,,,,,,,,,,,,,,,,,,,,,,,,,,,,,,,,,,,,,,,,,,,,,,,100,9,9,25,44,3,50,909,78,6,6,32,7,8,6,5,5,6,106,6,4,25,24,11,10,159,147,148,134,85,88,8,6,6,5,7,7,5,6,6,6,5,5,5,4,4,4,3,3.874,3.772,3.675,3.434,5.851,27.544,26.59,23.322,22.516,22.621,23.357,20.984,19.079,19.98,20.451,20.475,69.358,119.145,54.552,43.09,26.377,41.055,135.379,54.693,54.693,54.693,54.693,54.693,54.693,44.731,58.276,67.042,45.984,214.386,33.872,50.041,25.026,172.311
Q,Quarterly,S,Amounts outstanding / Stocks,C,Total claims,G,Loans and deposits,TO1,All currencies,A,All currencies (=D+F+U),5J,All countries (total),A,"All reporting banks/institutions (domestic, foreign, consortium and unclassified)",IT,Italy,A,All sectors,JP,Japan,N,Cross-border,,,E,End of period,,,Q:S:C:G:TO1:A:5J:A:IT:A:JP:N,,,,,,,,,,,,,,,,,,,,,,,,,,,,,,,,,,,,,,,,,,,,,,,,,,,,,,,,,,,,,,,,,,,,,,,,,NaN,NaN,NaN,NaN,NaN,NaN,NaN,NaN,NaN,NaN,NaN,NaN,NaN,NaN,NaN,NaN,NaN,NaN,NaN,NaN,NaN,NaN,NaN,NaN,NaN,NaN,NaN,NaN,NaN,NaN,NaN,NaN,NaN,NaN,NaN,NaN,NaN,NaN,NaN,NaN,NaN,NaN,NaN,NaN,NaN,NaN,NaN,NaN,NaN,NaN,NaN,NaN,NaN,NaN,NaN,NaN,NaN,NaN,NaN,NaN,NaN,NaN,NaN,NaN,NaN,NaN,NaN,NaN,NaN,NaN,NaN,NaN,NaN,NaN,NaN,NaN,348.236,237.364,342.389,608.478,265.746,495.322,316.196,305.023,271.928,298.264,282.053,247.691,321.911,378.158,365.627,228.574,248.173,449.908,404.184,326.536,308.073,292.716,270.887,285.184,453.609,312.376,309.024,533.602,256.683,305.703,337.187,218.025,292.977,220.973
Q,Quarterly,S,Amounts outstanding / Stocks,C,Total claims,G,Loans and deposits,TO1,All currencies,A,All currencies (=D+F+U),5J,All countries (total),A,"All reporting banks/institutions (domestic, foreign, consortium and unclassified)",JE,Jersey,A,All sectors,JP,Japan,N,Cross-border,,,E,End of period,,,Q:S:C:G:TO1:A:5J:A:JE:A:JP:N,,,,,,,,,,,,,,,,,,,,,,,,,,,,,,,,,,,,,,,,,,,,,,,,,,,,,,,,,,,,,,,,,,,,,,,,,,,,,,,,,,,,,,,,,,,,,,,,,902,417,458,1109,885,599,627,595,322,381,273,869,154,139,686,136,108,3430,2582,4750,2100,63,87,100,258,147,160,116,212,93,92,60,83,60,116,237,592,354,377,386,355,244,336,242,387,259,149,244,193,114,134,84,81,47,41,34,27,36,52,55,45,25,29,59,33,38,156,75,76,121,66,231,83,140,140,71,86,76,64,63,73,58,55,51,54,58
Q,Quarterly,S,Amounts outstanding / Stocks,C,Total claims,G,Loans and deposits,TO1,All currencies,A,All currencies (=D+F+U),5J,All countries (total),A,"All reporting banks/institutions (domestic, foreign, consortium and unclassified)",KR,Korea,A,All sectors,JP,Japan,N,Cross-border,,,E,End of period,,,Q:S:C:G:TO1:A:5J:A:KR:A:JP:N,,,,,,,,,,,,,,,,,,,,,,,,,,,,,,,,,,,,,,,,,,,,,,,,,,,,,,,,,,,,,,,,,,,,,,,,,,,,,,,,,,,,,,,,,,,,,,,,,,,,,,,,,,,,,,1706,1866,1757,1789,1889,2184,1798,1502,1586,1492,1631,1725,2368,2334,1858,2630,2297,2133,2321,1803,2009,2134,2190,2173,2329,2052,2294,2806,2654,2294,2656,2646,2404,2466,3643,2911.188,2675.213,2906.626,2564.663,4547.059,4027.71,3723.174,4768.273,4177.713,4347.427,4628.703,5156.728,4991.342,5038.97,5350.554,4987.015,6245.04,5855.644,3899.226,4969.188,5379.926,4727.746,4422.573,5395.936,6263.037,3402.931,3911.741,3122.644,6290.343,6770.381,5760.468,5624.952,7086.222,5722.795,6780.052,7969.345,9738.554,7809.666
Q,Quarterly,S,Amounts outstanding / Stocks,C,Total claims,G,Loans and deposits,TO1,All currencies,A,All currencies (=D+F+U),5J,All countries (total),A,"All reporting banks/institutions (domestic, foreign, consortium and unclassified)",LU,Luxembourg,A,All sectors,JP,Japan,N,Cross-border,,,E,End of period,,,Q:S:C:G:TO1:A:5J:A:LU:A:JP:N,,,,,,,,,,,,,,,,,,,,,,,,,,,,,,,,,,,,,,,,,,,,,,,,,,,,,,,,,,,,,,,,,,,,,,,,,7624,7910,10172,8367,8394,10372,9199,8654,7019,6801,5379,5379,3075,1627,1565,1156,876,1201,1816,696,521,795,897,1513,1487,1167,2386,2345,2107,2392,4472,5921,6124,9358,12909,8694,9255,8436,7447,7638,8407,8945,6604,10603,6110,4936,3055,3731,1814,1797,4670,5445,4254,2946,5247,5731,6986,1097,4608,3829,2925,4759,3102,2424,1780,2981,1635.015,1777.206,1362.435,2787.023,2636.626,4032.562,2978.077,6077.7,3654.178,4834.898,2967.416,4347.389,4193.988,4366.41,2921.165,3210.009,3936.994,2690.804,3719.595,4010.555,4442.324,6307.953,4347.849,4452.064,5614.341,7086.47,5224.122,5955.174,5757.628,5399.674,5105.288,6603.566,5172.168,5264.365,3319.308,5249.885,4563.896,5327.06,3720.921,7097.085,5373.775,4196.392,5365.745,5376.038
Q,Quarterly,S,Amounts outstanding / Stocks,C,Total claims,G,Loans and deposits,TO1,All currencies,A,All currencies (=D+F+U),5J,All countries (total),A,"All reporting banks/institutions (domestic, foreign, consortium and unclassified)",MO,Macao SAR,A,All sectors,JP,Japan,N,Cross-border,,,E,End of period,,,Q:S:C:G:TO1:A:5J:A:MO:A:JP:N,,,,,,,,,,,,,,,,,,,,,,,,,,,,,,,,,,,,,,,,,,,,,,,,,,,,,,,,,,,,,,,,,,,,,,,,,,,,,,,,,,,,,,,,,,,,,,,,,,,,,,,,,NaN,NaN,NaN,NaN,NaN,NaN,NaN,NaN,NaN,NaN,NaN,NaN,NaN,NaN,NaN,NaN,NaN,NaN,NaN,NaN,NaN,NaN,NaN,NaN,NaN,NaN,NaN,NaN,NaN,NaN,NaN,NaN,NaN,NaN,NaN,NaN,NaN,NaN,NaN,NaN,878.507,773.806,560.354,439.146,481.744,667.658,708.687,2668.582,3067.896,3344.516,3305.278,2788.539,2031.814,3961.388,1251.057,334.545,1580.686,1532.648,1625.44,713.66,1659.329,2065.173,2213.746,666.35,3935.203,3703.464,1837.459,3209.773,1211.611,1076.106,1845.963,2137.274,1514.484,1329.197,1340.489,1342.318,1157.853,1198.851
Q,Quarterly,S,Amounts outstanding / Stocks,C,Total claims,G,Loans and deposits,TO1,All currencies,A,All currencies (=D+F+U),5J,All countries (total),A,"All reporting banks/institutions (domestic, foreign, consortium and unclassified)",MX,Mexico,A,All sectors,JP,Japan,N,Cross-border,,,E,End of period,,,Q:S:C:G:TO1:A:5J:A:MX:A:JP:N,,,,,,,,,,,,,,,,,,,,,,,,,,,,,,,,,,,,,,,,,,,,,,,,,,,,,,,,,,,,,,,,,,,,,,,,,,,,,,,,,,,,,,,,,,,,,,,,,,,,,,,,,2,3,18,,1,1,10,89,66,342,476,313,190,55,157,220,185,235,333,200,103,16,206,2,303,145,84,35,69,131,68,49,46,65,29.013,75.441,48.236,55.54,64.96,43.716,176.297,101.369,132.461,142.584,77.397,140.877,59.873,37.934,97.892,147.722,61.666,118.917,104.304,323.151,460.336,330.162,399.295,24.926,171.557,57.147,136.727,55.361,41.834,36.91,46.172,35.316,41.633,114.386,42.483,45.608,149.846,118.331,114.704,322.169,217.4,385.878,143.636,1030.523
Q,Quarterly,S,Amounts outstanding / Stocks,C,Total claims,G,Loans and deposits,TO1,All currencies,A,All currencies (=D+F+U),5J,All countries (total),A,"All reporting banks/institutions (domestic, foreign, consortium and unclassified)",NL,Netherlands,A,All sectors,JP,Japan,N,Cross-border,,,E,End of period,,,Q:S:C:G:TO1:A:5J:A:NL:A:JP:N,,,,,,,,,,,,,,,,,,,,,,,,,,,,,,,,,,,,,,,,,,,,,,,,,,,,,,,,,,,,,,,,,,,,,,,,,19966,20343,19772,23070,16227,18274,18395,16221,16638,23015,28018,18204,17593,10144,7970,8813,8299,6046,6189,4646,5213,7066,8124,8869,19074,9560,18281,15889,13100,13445,13364,14431,14632,13428,16194,13362,14169,15675,16045,14401,12589,4564,3909,4705,5078,4503,4518,9625,11116,7386,8801,11712,8555,11101,8573,8424,4064,7993,3708,16839,14268,20465,12085,22958,10865,15606,10190.346,10016.871,3311.694,1978.373,4182.984,6052.941,3341.559,5038.135,4735.229,3381.052,2340.785,NaN,NaN,NaN,NaN,NaN,NaN,NaN,NaN,NaN,1428.782,1339.981,NaN,NaN,NaN,NaN,2192.675,2420.02,NaN,NaN,NaN,NaN,2231.761,NaN,3210.094,NaN,3906.271,2599.486,2564.206,2564.206,2564.206,2564.206,2564.206,2564.206
Q,Quarterly,S,Amounts outstanding / Stocks,C,Total claims,G,Loans and deposits,TO1,All currencies,A,All currencies (=D+F+U),5J,All countries (total),A,"All reporting banks/institutions (domestic, foreign, consortium and unclassified)",PH,Philippines,A,All sectors,JP,Japan,N,Cross-border,,,E,End of period,,,Q:S:C:G:TO1:A:5J:A:PH:A:JP:N,,,,,,,,,,,,,,,,,,,,,,,,,,,,,,,,,,,,,,,,,,,,,,,,,,,,,,,,,,,,,,,,,,,,,,,,,,,,,,,,,,,,,,,,,,,,,,,,,,,,,,,,,,,,,,,,,,,,,,,,,,,,,,,,,,,,,,,,,,,,,,,,,,,,,,,,,,,,,1507.406,2322.027,2136.706,2588.949,1673.646,1891.632,1201.508,1918.641,1555.805,1762.853,2570.096,2640.491,1653.557,2537.536,2324.687,2308.229,2352.601,2149.28,2370.08,2476.421,2685.305,3134.049,2789.058,2223.248,2635.833,2966.03
Q,Quarterly,S,Amounts outstanding / Stocks,C,Total claims,G,Loans and deposits,TO1,All currencies,A,All currencies (=D+F+U),5J,All countries (total),A,"All reporting banks/institutions (domestic, foreign, consortium and unclassified)",SE,Sweden,A,All sectors,JP,Japan,N,Cross-border,,,E,End of period,,,Q:S:C:G:TO1:A:5J:A:SE:A:JP:N,,,,,,,,,,,,,,,,,,,,,,,,,,,,,,,,,,,,,,,,,,,,,,,,,,,,,,,,,,,,,,,,,,,,,,,,,585,765,823,1375,1444,1346,1158,1208,1562,949,922,1056,2302,509,1012,423,555,600,1933,129,41,62,103,297,386,49,80,203,86,172,108,81,91,225,95,100,144,92,115,111,104,115,96,112,153,345,216,171,30,190,95,247,157,157,157,35,140,364,481,591,1057,667,865,899,999,787,1225.244,1216.774,1509.177,1728.13,1674.439,1846.6,1564.171,1552.623,1494.388,1706.574,1187.542,1032.008,769.133,659.87,531.091,581.062,475.112,554.195,408.379,364.801,245.164,233.813,91.72,346.164,233.13,443.457,496.445,481.574,477.392,429.404,452.172,630.468,324.224,343.41,504.867,516.368,608.353,486.833,370.171,325.505,340.153,375.48,298.616,248.871
Q,Quarterly,S,Amounts outstanding / Stocks,C,Total claims,G,Loans and deposits,TO1,All currencies,A,All currencies (=D+F+U),5J,All countries (total),A,"All reporting banks/institutions (domestic, foreign, consortium and unclassified)",TW,Chinese Taipei,A,All sectors,JP,Japan,N,Cross-border,,,E,End of period,,,Q:S:C:G:TO1:A:5J:A:TW:A:JP:N,,,,,,,,,,,,,,,,,,,,,,,,,,,,,,,,,,,,,,,,,,,,,,,,,,,,,,,,,,,,,,,,,,,,,,,,,,,,,,,,,,,,,,,,,,,,,3566,2718,3499,4142,4067,4283,2857,2104,2544,3110,2730,2214,3278,2527,2277,2233,2609,2503,2315,2088,3448,3016,3226,5155,6574,5723,6666,5226,3476,5257,4639,4547,3395,3150,3583,3735,4112,3567,3286,3575,2935,2570,2454,2623,3379,3528,3445,3978,4495,4921,4743,6531,4956.732,4313.971,4447.273,4546.808,5393.921,6405.462,7993.638,7295.712,9541.337,11467.632,15669.864,13932.851,15073.733,14715.646,13983.326,11556.313,13884.025,14516.739,10280.975,11429.18,9107.753,16007.648,12415.577,13999.393,16122.261,14765.424,10664.034,13500.975,17539.401,15467.873,18480.863,19669.176,21156.923,18165.911,20409.326,23378.861,31495.885,28313.308
Q,Quarterly,S,Amounts outstanding / Stocks,C,Total claims,G,Loans and deposits,TO1,All currencies,A,All currencies (=D+F+U),5J,All countries (total),A,"All reporting banks/institutions (domestic, foreign, consortium and unclassified)",US,United States,A,All sectors,JP,Japan,N,Cross-border,,,E,End of period,,,Q:S:C:G:TO1:A:5J:A:US:A:JP:N,,,,,,,,,,,,,,,,,,,,,,,,,,,,,,,,,,,,,,,,,,,,,,,,,,,,,,,,,,,,,,,,,,,,,,,,,86027,74962,73406,70060,76467,75040,75785,69593,76233,61768,45745,54760,52050,45534,29892,32341,32513,31670,35786,37543,36742,41037,34428,34723,36617,36817,40333,47192,50515,64400,70086,67012,71150,64892,75337,85965,97844,85117,89881,87460,106643,109032,109195,129774,147780,130014,123395,101032,92782,117834,88404,81446,86292,130751,163222,184530,169049,178045,201852,239971,257570,256574,247306,259708,300731,308638,318794,348585,352688,343903,304075,324347,342655,338528,349254,369647,364949,372792,386318,403088,422776,420749,455204,439506,447343,410190,438153,453566,431754,362178,358261,366393,366199,360776,346771,371897,436688,451175,486772,531302,521516,469378,470367,462368,483618,441849,409524,411350,447702,372580
Q,Quarterly,S,Amounts outstanding / Stocks,C,Total claims,G,Loans and deposits,TO1,All currencies,A,All currencies (=D+F+U),5J,All countries (total),A,"All reporting banks/institutions (domestic, foreign, consortium and unclassified)",ZA,South Africa,A,All sectors,JP,Japan,N,Cross-border,,,E,End of period,,,Q:S:C:G:TO1:A:5J:A:ZA:A:JP:N,,,,,,,,,,,,,,,,,,,,,,,,,,,,,,,,,,,,,,,,,,,,,,,,,,,,,,,,,,,,,,,,,,,,,,,,,,,,,,,,,,,,,,,,,,,,,,,,,,,,,,,,,,,,,,,,,,,,,,,,,,,,,,,,50,50,25,95,374,51,31,913,94,52,136,56,57,107,122,128,186,257,193,163,107,129,119,212,130,151,211,110,169,308,132,254,95,139,244,260,53,27,73,26,27,100,45,25,23,29,33,28,21,32,31,222,26,17,232
Q,Quarterly,S,Amounts outstanding / Stocks,C,Total claims,G,Loans and deposits,TO1,All currencies,U,Unclassified currency,5J,All countries (total),A,"All reporting banks/institutions (domestic, foreign, consortium and unclassified)",5A,All reporting countries,A,All sectors,JP,Japan,N,Cross-border,,,E,End of period,,,Q:S:C:G:TO1:U:5J:A:5A:A:JP:N,,,,,,,,,,,,,,,,,,,,,,,,,,,,,,,,,,,,,,,,,,,,,,,,,,,,,,,,,,,,,,,,,,,,,,,,,-27,-33,-11,-25,-25,-26,-26,-25,-40,-43,-18,-24,-34,-27,-9,-9,-11,-5,-5,-4,-1,,-1,-2,-1,,,,,,,,,,,,,,,,,,,,,,,,-7,,,,1,1,,,0,-1,,0,,-1,-1,,0,-1,1.997,-1.001,-0.001,-1.001,0.997,-1.998,-0.999,1.003,0.003,2.003,1.002,0,-0.998,0,0,0.001,1,0,1.993,-0.001,1.003,0.004,0.007,2.003,1.992,2.003,0.002,0.998,1.002,-0.994,0.001,1.016,1.013,0.002,-1.001,0.005,2.001,-1.006,1.994,1.008,2.001,2.004,1.01,0.002
Q,Quarterly,S,Amounts outstanding / Stocks,C,Total claims,G,Loans and deposits,TO3,All currencies excl. core,A,All currencies (=D+F+U),5J,All countries (total),A,"All reporting banks/institutions (domestic, foreign, consortium and unclassified)",5A,All reporting countries,A,All sectors,JP,Japan,N,Cross-border,,,E,End of period,,,Q:S:C:G:TO3:A:5J:A:5A:A:JP:N,,,,,,,,,,,,,,,,,,,,,,,,,,,,,,,,,,,,,,,,,,,,,,,,,,,,,,,,,,,,,,,,,,,,,,,,,14567,16955,16403,17161,18479,20745,21652,23368,23431,18304,17630,17679,7806,11353,14812,15674,15157,14879,16205,13520,13450,11299,12029,10982,10628,10437,10469,8011,8301,10001,10567,7672,12900,15823,18007,16564,21541,19358,18839,20229,20728,19550,22600,19038,17357,19380,18895,19919,20649,27577,22726,22276,21919,19407,24747,23172,23738,22512,21978,23060,25064,22388.856,22089,21591,23785,20105.077,25988.618,26618.738,31199.457,27644.146,22634.781,25593.059,19637.677,22958.213,24295.592,22043.569,12315.586,14008.467,14910.616,16193.047,19534.475,22737.926,27533.853,24804.245,26121.101,30477.5,27279.694,26156.292,22866.536,23309.666,23409.723,23017.143,18123.293,11361.452,17172.775,11634.082,10495.098,10496.722,4378.576,1145.956,1098.774,7666.107,16225.879,23333.438,18788.375,24114.742,22953.972,15634.3,9567.342,22662.259
Q,Quarterly,S,Amounts outstanding / Stocks,C,Total claims,G,Loans and deposits,UN9,Unallocated currencies,A,All currencies (=D+F+U),5J,All countries (total),A,"All reporting banks/institutions (domestic, foreign, consortium and unclassified)",5A,All reporting countries,A,All sectors,JP,Japan,N,Cross-border,,,E,End of period,,,Q:S:C:G:UN9:A:5J:A:5A:A:JP:N,,,,,,,,,,,,,,,,,,,,,,,,,,,,,,,,,,,,,,,,,,,,,,,,,,,,,,,,,,,,,,,,,,,,,,,,,13397,14642,15043,15103,16947,18304,19133,21281,19145,14729,14286,13909,4613,8485,11745,12891,12386,11418,13949,10596,10018,8760,9687,8167,7878,8352,9299,7162,6722,7709,8651,5365,11383,14266,15818,15071,19514,17782,17637,19059,19597,18733,21795,17966,16318,18628,18103,18883,19636,25529,20630,20663,20869,18459,23889,22011,22745,21244,20506,22017,23520,20898.856,20919,20626,22859,18976.077,24774.028,25467.502,29634.972,26036.575,20548.043,23045.503,17782.863,20985.539,21839.39,19319.283,7879.625,8665.247,9146.999,10706.271,13121.184,13778.737,14851.195,14352.624,11346.519,15194.024,13397.833,10473.995,6083.243,5599.301,5405.512,4662.118,1973.368,-1172.529,3532.045,-709.285,-1594.088,-1913.632,-9145.153,-18402.619,-19065.277,-10651.24,-4487.45,3620.023,1234.506,5239.966,3992.972,-3425.691,-5448.822,1427.548
Q,Quarterly,S,Amounts outstanding / Stocks,C,Total claims,G,Loans and deposits,UN9,Unallocated currencies,U,Unclassified currency,5J,All countries (total),A,"All reporting banks/institutions (domestic, foreign, consortium and unclassified)",5A,All reporting countries,A,All sectors,JP,Japan,N,Cross-border,,,E,End of period,,,Q:S:C:G:UN9:U:5J:A:5A:A:JP:N,,,,,,,,,,,,,,,,,,,,,,,,,,,,,,,,,,,,,,,,,,,,,,,,,,,,,,,,,,,,,,,,,,,,,,,,,-27,-33,-11,-25,-25,-26,-26,-25,-40,-43,-18,-24,-34,-27,-9,-9,-11,-5,-5,-4,-1,,-1,-2,-1,,,,,,,,,,,,,,,,,,,,,,,,-7,,,,1,1,,,0,-1,,0,,-1,-1,,0,-1,1.997,-1.001,-0.001,-1.001,0.997,-1.998,-0.999,1.003,0.003,2.003,1.002,0,-0.998,0,0,0.001,1,0,1.993,-0.001,1.003,0.004,0.007,2.003,1.992,2.003,0.002,0.998,1.002,-0.994,0.001,1.016,1.013,0.002,-1.001,0.005,2.001,-1.006,1.994,1.008,2.001,2.004,1.01,0.002
Q,Quarterly,S,Amounts outstanding / Stocks,C,Total claims,G,Loans and deposits,USD,US dollar,A,All currencies (=D+F+U),5J,All countries (total),A,"All reporting banks/institutions (domestic, foreign, consortium and unclassified)",5A,All reporting countries,A,All sectors,JP,Japan,N,Cross-border,,,E,End of period,,,Q:S:C:G:USD:A:5J:A:5A:A:JP:N,,,,,,,,,,,,,,,,,,,,,,,,,,,,,,,,,,,,,,,,,,,,,,,,,,,,,,,,,,,,,,,,,,,,,,,,,428117,413370,413282,410035,410123,416858,424329,385992,399627,316837,297827,295811,301343,237079,192126,188743,194676,169034,172759,173172,191336,194098,183416,176189,196010,178867,168890,190043,200420,207379,204299,196952,200694,208101,231710,231519,246164,205592,201108,212647,235859,210493,229519,244988,245617,224827,214257,201486,197894,235808,204200,201957,204246,254903.5,279584,296857,285706,303266,312997,350733,374666,381956.614,376194,378392,417919,472358.648,468953.815,501049.937,519537.447,481630.421,437481.272,458717.605,480199.823,481533.339,496640.025,504649.075,520351.697,536564.068,532628.764,544314.885,585933.648,598457.635,604724.384,599997.478,624028.424,619917.495,605961.895,629652.074,596447.484,552930.413,545471.95,555197.878,550385.798,537785.463,544111.348,566420.542,625342.314,642321.287,646084.34,688019.543,685760.669,651181.75,657703.553,662522.675,672686.513,648537.394,630256.607,639876.369,633451.488,553022.133
